IDPLAYER,MLBID,MLBNAME,BATS,THROWS,ACTIVE
aardsda01,430911,David Aardsma,R,R,N
abadfe01,472551,Fernando Abad,L,L,Y
abbotco01,676265,Cory Abbott,R,R,Y
abramcj01,682928,CJ Abrams,L,R,Y
abreual01,656061,Albert Abreu,R,R,Y
abreubo01,110029,Bobby Abreu,L,R,N
abreubr01,650556,Bryan Abreu,R,R,Y
abreujo02,547989,Jose Abreu,R,R,Y
abreuto01,473234,Tony Abreu,B,R,N
accarje01,435618,Jeremy Accardo,R,R,N
aceveal01,469686,Alfredo Aceves,R,R,N
acevedo01,642758,Domingo Acevedo,R,R,Y
ackledu01,554429,Dustin Ackley,L,R,Y
acunaro01,660670,Ronald Acuna,R,R,Y
adamecr01,542436,Cristhian Adames,B,R,Y
adamewi01,642715,Willy Adames,R,R,Y
adamsau02,613534,Austin Adams,R,R,Y
adamsch01,664856,Chance Adams,R,R,Y
adamsda02,458691,David Adams,R,R,Y
adamsla01,572669,Lane Adams,R,R,Y
adamsma01,571431,Matt Adams,L,R,Y
adamsmi03,430606,Mike Adams,R,R,N
adamssp03,656181,Spencer Adams,R,R,Y
adducji02,451192,Jim Adduci,L,L,Y
adelljo01,666176,Jo Adell,R,R,Y
adlemti01,534947,Tim Adleman,R,R,Y
adriaeh01,501303,Ehire Adrianza,B,R,Y
affelje01,346793,Jeremy Affeldt,L,L,N
agrazda01,642607,Dario Agrazal,R,R,Y
aguilje01,542583,Jesus Aguilar,R,R,Y
ahmedni01,605113,Nick Ahmed,R,R,Y
aikenbr01,656184,Brady Aiken,L,L,Y
akimash01,673451,Shogo Akiyama,L,R,Y
akinke01,669211,Keegan Akin,L,L,Y
alberan01,452027,Andrew Albers,R,L,Y
alberha01,593643,Hanser Alberto,R,R,Y
alberma01,458006,Matt Albers,L,R,N
albieoz01,645277,Ozzie Albies,B,R,Y
albural01,456379,Al Alburquerque,R,R,Y
alcaljo01,660896,Jorge Alcala,R,R,Y
alcanar01,570489,Arismendy Alcantara,B,R,Y
alcansa01,645261,Sandy Alcantara,R,R,Y
alcanvi01,622505,Victor Alcantara,R,R,Y
alexasc02,518397,Scott Alexander,L,L,Y
alexaty01,641302,Tyler Alexander,R,L,Y
alfarjo01,595751,Jorge Alfaro,R,R,Y
alforan01,546990,Anthony Alford,R,R,Y
allarko01,663465,Kolby Allard,L,L,Y
allenau01,664119,Austin Allen,L,R,Y
allenco01,592102,Cody Allen,R,R,Y
allengr01,656185,Greg Allen,B,R,Y
allenlo01,663531,Logan Allen,R,L,Y
almonab01,501659,Abraham Almonte,B,R,Y
almonye01,622075,Yency Almonte,B,R,Y
almonzo01,501660,Zoilo Almonte,B,R,Y
almoral01,546991,Albert Almora,R,R,Y
alonspe01,624413,Pete Alonso,R,R,Y
alonsyo01,475174,Yonder Alonso,L,R,Y
altavda01,656186,Dan Altavilla,R,R,Y
altheaa01,571437,Aaron Altherr,R,R,Y
altuvjo01,514888,Jose Altuve,R,R,Y
alvarhe01,506693,Henderson Alvarez,R,R,Y
alvarjo01,501625,Jose Alvarez,R,R,Y
alvarjo03,621237,Jose Alvarado,L,L,Y
alvarpe01,476883,Pedro Alvarez,L,R,Y
alvarya01,665751,Yadier Alvarez,R,R,Y
alvaryo01,670541,Yordan Alvarez,L,R,Y
alzolad01,640470,Adbert Alzolay,R,R,Y
amarial01,506560,Alexi Amarista,L,R,Y
ambrihe01,459932,Hector Ambriz,L,R,N
anderbr04,474463,Brett Anderson,L,L,Y
anderbr05,457762,Bryan Anderson,L,R,Y
anderbr06,605119,Brian Anderson,R,R,Y
anderch01,502624,Chase Anderson,R,R,Y
anderco01,594736,Cody Anderson,R,R,Y
anderia01,666120,Ian Anderson,R,R,Y
anderju01,605121,Justin Anderson,L,R,Y
anderla03,502249,Lars Anderson,L,L,Y
anderni01,623433,Nick Anderson,R,R,Y
andersh01,641312,Shaun Anderson,R,R,Y
anderti01,641313,Tim Anderson,R,R,Y
anderty01,542881,Tyler Anderson,L,L,Y
andinro01,435180,Robert Andino,R,R,Y
andrejo03,607430,John Andreoli,R,R,Y
andrima01,542882,Matt Andriese,R,R,Y
andruel01,462101,Elvis Andrus,R,R,Y
andujmi01,609280,Miguel Andujar,R,R,Y
ankieri01,150449,Rick Ankiel,L,L,N
annade01,542883,Dean Anna,L,R,Y
antonte01,622088,Tejay Antone,R,R,Y
aokino01,493114,Norichika Aoki,L,R,N
appelma01,571446,Mark Appel,R,R,Y
aquinar01,606157,Aristides Aquino,R,R,Y
aranovi01,644364,Victor Arano,R,R,Y
arauzjo01,660620,Jonathan Arauz,B,R,Y
archech01,502042,Chris Archer,R,R,Y
arciafr01,516472,Francisco Arcia,L,R,Y
arciaor01,606115,Orlando Arcia,R,R,Y
arciaos01,542455,Oswaldo Arcia,L,R,Y
arenano01,571448,Nolan Arenado,R,R,Y
arencjp01,450317,J.P. Arencibia,R,R,N
ariasjo01,435078,Joaquin Arias,R,R,N
armenro01,660494,Rogelio Armenteros,R,R,Y
armstsh01,542888,Shawn Armstrong,R,R,Y
arozara01,668227,Randy Arozarena,R,R,Y
arraelu01,650333,Luis Arraez,L,R,Y
arredjo01,461766,Jose Arredondo,R,R,Y
arrieja01,453562,Jake Arrieta,R,R,Y
arroybr01,276520,Bronson Arroyo,R,R,N
arroych01,624414,Christian Arroyo,R,R,Y
arteahu01,600858,Humberto Arteaga,R,R,Y
ascheco01,605125,Cody Asche,L,R,Y
asheral01,594742,Alec Asher,R,R,Y
astudwi01,553902,Willians Astudillo,R,R,Y
asuajca01,641319,Carlos Asuaje,L,R,Y
atchisc01,425786,Scott Atchison,R,R,N
atkinga01,425548,Garrett Atkins,R,R,N
aumonph01,518418,Phillippe Aumont,L,R,Y
austity01,592122,Tyler Austin,R,R,Y
averyxa01,542897,Xavier Avery,L,L,Y
avilaal01,488671,Alex Avila,L,R,Y
avilalu01,501593,Luis Avilan,L,L,Y
avilemi01,449107,Mike Aviles,R,R,N
axelrdy01,518420,Dylan Axelrod,R,R,Y
axforjo01,446099,John Axford,R,R,N
ayalalu01,425646,Luis Ayala,R,R,N
aybarer01,430947,Erick Aybar,B,R,N
badenbu01,488674,Burke Badenhop,R,R,N
baderha01,664056,Harrison Bader,R,R,Y
baezja01,595879,Javier Baez,R,R,Y
baezmi01,673258,Michel Baez,R,R,Y
baezpe01,520980,Pedro Baez,R,R,Y
bailean01,457732,Andrew Bailey,R,R,N
bailebr01,669064,Brandon Bailey,R,R,Y
baileho02,456701,Homer Bailey,R,R,Y
bakerje03,425557,Jeff Baker,R,R,N
bakerjo01,434633,John Baker,L,R,N
bakersc02,435044,Scott Baker,R,R,N
balazjo01,666364,Jordan Balazovic,R,R,Y
balesco01,444446,Collin Balester,R,R,Y
balfogr01,346797,Grant Balfour,R,R,N
bandaan01,607455,Anthony Banda,L,L,Y
bandyje01,542908,Jett Bandy,R,R,Y
banuema01,544365,Manny Banuelos,R,L,Y
barajro01,150148,Rod Barajas,R,R,N
bardda01,453268,Daniel Bard,R,R,Y
bardlu01,572703,Luke Bard,R,R,Y
barlosc01,605130,Scott Barlow,R,R,Y
barmecl01,425549,Clint Barmes,R,R,N
barneau01,605131,Austin Barnes,R,R,Y
barnebr02,488681,Brandon Barnes,R,R,Y
barneda01,446381,Darwin Barney,R,R,Y
barneda02,592130,Danny Barnes,L,R,Y
barneja01,606930,Jacob Barnes,R,R,Y
barnema01,598264,Matt Barnes,R,R,Y
barnesc01,488683,Scott Barnes,L,L,Y
barneto01,501817,Tony Barnette,R,R,N
barnhtu01,571466,Tucker Barnhart,B,R,Y
barraky01,607457,Kyle Barraclough,R,R,Y
barreaa01,502578,Aaron Barrett,R,R,Y
barrefr01,620439,Franklin Barreto,R,R,Y
barreja01,545332,Jake Barrett,R,R,Y
barrija01,642545,Jaime Barria,R,R,Y
bartjo01,663698,Joey Bart,R,R,Y
bartlja01,430583,Jason Bartlett,R,R,N
bartoda02,435558,Daric Barton,L,R,N
bassan01,542914,Anthony Bass,R,R,Y
bassich01,605135,Chris Bassitt,R,R,Y
bastaan01,455374,Antonio Bastardo,R,L,N
batismi01,110683,Miguel Batista,R,R,N
bauerja01,641343,Jake Bauers,L,L,Y
bauertr01,545333,Trevor Bauer,R,R,Y
bautijo02,430832,Jose Bautista,R,R,N
bautira01,622441,Rafael Bautista,R,R,Y
baxtemi01,488689,Mike Baxter,L,R,N
bayja01,424726,Jason Bay,R,R,N
bazsh01,669358,Shane Baz,R,R,Y
beachbr01,545404,Brandon Beachy,R,R,N
beatyma01,607461,Matt Beaty,L,R,Y
beavabl01,518444,Blake Beavan,R,R,Y
beckch01,444447,Chad Beck,R,R,Y
beckch02,571476,Chris Beck,R,R,Y
beckejo02,277417,Josh Beckett,R,R,N
beckhgo01,493596,Gordon Beckham,R,R,Y
beckhti01,542921,Tim Beckham,R,R,Y
bedarer01,407853,Erik Bedard,L,L,N
bedroca01,592135,Cam Bedrosian,R,R,Y
beedety01,595881,Tyler Beede,R,R,Y
beeksja02,656222,Jalen Beeks,L,L,Y
beeleda01,542923,Dallas Beeler,R,R,Y
beerse01,666179,Seth Beer,L,R,Y
belisma01,279571,Matt Belisle,R,R,N
belisro01,430613,Ronald Belisario,R,R,N
belivje01,542924,Jeff Beliveau,L,L,Y
bellch02,518445,Chad Bell,R,L,Y
bellhe01,425514,Heath Bell,R,R,N
bellico01,641355,Cody Bellinger,L,L,Y
belljo02,605137,Josh Bell,B,R,Y
belowdu01,502102,Duane Below,L,L,N
beltbr01,474832,Brandon Belt,L,L,Y
beltrad01,134181,Adrian Beltre,R,R,N
beltrca01,136860,Carlos Beltran,B,R,N
bemboan01,621532,Anthony Bemboom,L,R,Y
beninan01,643217,Andrew Benintendi,L,L,Y
benoijo01,276542,Joaquin Benoit,R,R,N
bensojo01,501994,Joe Benson,R,R,Y
bergmch01,548357,Christian Bergman,R,R,Y
berkmla01,204020,Lance Berkman,B,L,N
bernaro01,465668,Roger Bernadina,L,L,N
berrijo01,621244,Jose Berrios,R,R,Y
berryqu01,450641,Quintin Berry,L,L,N
bertijo01,542932,Jon Berti,R,R,Y
betande01,476454,Dellin Betances,R,R,Y
betanra01,429783,Rafael Betancourt,R,R,N
betanyu01,435358,Yuniesky Betancourt,R,R,N
betemwi01,400140,Wilson Betemit,B,R,N
bethach01,542194,Christian Bethancourt,R,R,Y
bettich01,518452,Chad Bettis,R,R,Y
bettsmo01,605141,Mookie Betts,R,R,Y
biagijo01,607352,Joe Biagini,R,R,Y
biancje01,488703,Jeff Bianchi,R,R,Y
bibenau01,502212,Austin Bibens-Dirkx,R,R,Y
bichebo01,666182,Bo Bichette,R,R,Y
biddlje01,592145,Jesse Biddle,L,L,Y
biebesh01,669456,Shane Bieber,R,R,Y
bielabr01,656232,Brandon Bielak,L,R,Y
biggica01,624415,Cavan Biggio,L,R,Y
billich01,451532,Chad Billingsley,R,R,N
birdgr01,595885,Greg Bird,L,R,Y
bishobr01,623323,Braden Bishop,R,R,Y
bixlebr01,444448,Brian Bixler,R,R,N
blachty01,621389,Ty Blach,R,L,Y
blackch02,453568,Charlie Blackmon,L,L,Y
blackcl01,607185,Clayton Blackburn,L,R,Y
blackni01,448147,Nick Blackburn,R,R,N
blackpa01,621112,Paul Blackburn,R,R,Y
blackra01,605143,Ray Black,R,R,Y
blacktr01,429715,Travis Blackley,L,L,N
blackvi01,502195,Vic Black,R,R,Y
blairaa01,594760,Aaron Blair,R,R,Y
blakeca01,232694,Casey Blake,R,R,N
blancan01,433217,Andres Blanco,B,R,N
blancgr01,453923,Gregor Blanco,L,L,N
blanche01,111072,Henry Blanco,R,R,N
blandal01,607468,Alex Blandino,R,R,Y
blankky01,452035,Kyle Blanks,R,R,N
blantjo01,430599,Joe Blanton,R,R,N
blashja01,518466,Jabari Blash,R,R,Y
bleieri01,542947,Richard Bleier,L,L,Y
blevije01,460283,Jerry Blevins,L,L,N
bloomwi01,217100,Willie Bloomquist,R,R,N
boescbr01,453269,Brennan Boesch,L,L,N
bogaexa01,593428,Xander Bogaerts,R,R,Y
boggsmi01,459939,Mitchell Boggs,R,R,N
bogusbr01,460131,Brian Bogusevic,L,L,N
bohmal01,664761,Alec Bohm,R,R,Y
bolsimi01,502211,Mike Bolsinger,R,R,Y
bondeje01,425827,Jeremy Bonderman,R,R,N
bonifem01,466988,Emilio Bonifacio,B,R,Y
bonifjo01,593528,Jorge Bonifacio,R,R,Y
borboju01,474865,Julio Borbon,L,L,Y
borucry01,621366,Ryan Borucki,L,L,Y
boscajc01,400268,J.C. Boscan,R,R,N
boteda01,623520,David Bote,R,R,Y
bourgja01,430652,Jason Bourgeois,R,R,N
bourjpe01,488721,Peter Bourjos,R,R,Y
bourju01,571506,Justin Bour,L,R,Y
bournmi01,456422,Michael Bourn,L,R,N
bowdemi01,476601,Michael Bowden,R,R,Y
bowmama01,621199,Matt Bowman,R,R,Y
boxbebr01,502202,Brad Boxberger,R,R,Y
boydma01,571510,Matt Boyd,L,L,Y
boyerbl01,430641,Blaine Boyer,R,R,N
brachbr01,542960,Brad Brach,R,R,Y
brachsi01,611093,Silvino Bracho,R,R,Y
bradeda01,460284,Dallas Braden,L,L,N
bradfch02,607473,Chasen Bradford,R,R,Y
bradlar01,605151,Archie Bradley,R,R,Y
bradlbo01,656252,Bobby Bradley,L,R,Y
bradlja02,598265,Jackie Bradley Jr.,L,R,Y
bradlmi01,150396,Milton Bradley,B,R,N
brantmi02,488726,Michael Brantley,L,L,Y
brantro01,542963,Rob Brantly,L,R,Y
branyru01,137140,Russell Branyan,L,R,N
brasiry01,518489,Ryan Brasier,R,R,Y
braulst01,643230,Steven Brault,L,L,Y
braunry02,460075,Ryan Braun,R,R,Y
brebbjo01,605154,John Brebbia,R,R,Y
bregmal01,608324,Alex Bregman,R,R,Y
brennbr01,592165,Brandon Brennan,R,R,Y
breslcr01,444520,Craig Breslow,L,L,N
breweco01,605155,Colten Brewer,R,R,Y
briceau01,592169,Austin Brice,R,R,Y
bricejo01,593993,Jose Briceno,R,R,Y
bridwpa01,592170,Parker Bridwell,R,R,Y
brighje01,656257,Jeff Brigham,R,R,Y
brignre01,458582,Reid Brignac,L,R,Y
brinsle01,621446,Lewis Brinson,R,R,Y
britoso01,593647,Socrates Brito,L,L,Y
brittza01,502154,Zach Britton,L,L,Y
brookaa01,605156,Aaron Brooks,R,R,Y
brossmi01,670712,Michael Brosseau,R,R,Y
brothre01,571521,Rex Brothers,L,L,Y
brownan02,518500,Andrew Brown,R,R,N
brownba01,446135,Barret Browning,L,L,Y
browndo01,502126,Domonic Brown,L,L,Y
brownga01,518502,Gary Brown,L,R,Y
brownse01,664913,Seth Brown,L,L,Y
browntr01,623143,Trevor Brown,R,R,Y
broxtjo01,455009,Jonathan Broxton,R,R,N
broxtke01,542979,Keon Broxton,R,R,Y
brubajt01,664141,JT Brubaker,R,R,Y
bruceja01,457803,Jay Bruce,L,L,Y
brugmja01,595144,Jaycob Brugman,L,L,Y
brujavi01,660644,Vidal Brujan,B,R,Y
bryankr01,592178,Kris Bryant,R,R,Y
bubickr01,663460,Kris Bubic,L,L,Y
buchada01,571527,David Buchanan,R,R,Y
buchhcl01,453329,Clay Buchholz,L,R,Y
buchtry01,488748,Ryan Buchter,L,L,Y
buckjo01,407833,John Buck,R,R,N
buehlwa01,621111,Walker Buehler,R,R,Y
buehrma01,279824,Mark Buehrle,L,L,N
bumgama01,518516,Madison Bumgarner,R,L,Y
bummeaa01,607481,Aaron Bummer,L,L,Y
bundydy01,605164,Dylan Bundy,B,R,Y
burdini01,595897,Nick Burdi,R,R,Y
burgeja01,669394,Jake Burger,R,R,Y
burgoen02,542609,Enrique Burgos,R,R,Y
burkegr01,457566,Greg Burke,R,R,N
burnea.01,150359,A.J. Burnett,R,R,N
burneal01,488751,Alex Burnett,R,R,Y
burneco01,669203,Corbin Burnes,R,R,Y
burnese01,430634,Sean Burnett,L,L,N
burnsbi02,542993,Billy Burns,B,L,Y
burrepa01,150100,Pat Burrell,R,R,N
burrobe01,663366,Beau Burrows,R,R,Y
burtoja01,454537,Jared Burton,R,R,N
bushma01,456713,Matt Bush,R,R,Y
buterdr01,460077,Drew Butera,R,R,Y
butlebi03,456714,Billy Butler,R,R,Y
butleed01,572750,Eddie Butler,R,R,Y
butlejo04,542994,Joey Butler,R,R,Y
buttrty01,621142,Ty Buttrey,L,R,Y
buxtoby01,621439,Byron Buxton,R,R,Y
byrdati01,136263,Tim Byrdak,L,L,N
byrdma01,407781,Marlon Byrd,R,R,N
cabreas01,452678,Asdrubal Cabrera,B,R,Y
cabreed02,665795,Edward Cabrera,R,R,Y
cabreev01,465784,Everth Cabrera,B,R,N
cabrege01,650893,Genesis Cabrera,L,L,Y
cabrema01,606291,Mauricio Cabrera,R,R,Y
cabreme01,466320,Melky Cabrera,B,L,Y
cabremi01,408234,Miguel Cabrera,R,R,Y
cabreor01,111851,Orlando Cabrera,R,R,N
cahiltr01,502239,Trevor Cahill,R,R,Y
cainlo01,456715,Lorenzo Cain,R,R,Y
cainma01,430912,Matt Cain,R,R,N
calhoko01,594777,Kole Calhoun,L,L,Y
calhowi01,641432,Willie Calhoun,L,R,Y
callaal01,430948,Alberto Callaspo,B,R,N
camarjo01,622666,Johan Camargo,B,R,Y
camerda01,663662,Daz Cameron,R,R,Y
camermi01,111904,Mike Cameron,R,R,N
caminar01,491708,Arquimedes Caminero,R,R,Y
campato01,542999,Tony Campana,L,L,N
campber01,493472,Eric Campbell,R,R,Y
campsh01,425861,Shawn Camp,R,R,N
campulu01,669134,Luis Campusano,R,R,Y
candeje01,600869,Jeimer Candelario,B,R,Y
canhama01,592192,Mark Canha,R,R,Y
cannigr01,656288,Griffin Canning,R,R,Y
canoro01,429664,Robinson Cano,L,R,Y
cantujo01,408305,Jorge Cantu,R,R,N
canzlru01,444453,Russ Canzler,R,R,Y
cappsca01,605169,Carter Capps,R,R,Y
cappsma01,448165,Matt Capps,R,R,N
capuach01,425626,Chris Capuano,L,L,N
caratvi01,605170,Victor Caratini,B,R,Y
cardead01,502133,Adrian Cardenas,L,R,Y
cardust01,506924,Stephen Cardullo,R,R,Y
carigan01,446398,Andrew Carignan,R,R,Y
carlesh01,641438,Shane Carle,R,R,Y
carlsdy01,666185,Dylan Carlson,B,L,Y
carmofa01,433584,Fausto Carmona,R,R,N
carpean01,502165,Andrew Carpenter,R,R,Y
carpech01,112020,Chris Carpenter,R,R,N
carpech02,452764,Chris Carpenter,R,R,N
carpeda01,502304,David Carpenter,R,R,Y
carpeda02,518526,David Carpenter,R,R,Y
carpema01,572761,Matt Carpenter,L,R,Y
carpery01,543001,Ryan Carpenter,L,L,Y
carpmi01,455077,Mike Carp,L,R,N
carraca01,471911,Carlos Carrasco,R,R,Y
carradj01,425647,D.J. Carrasco,R,R,N
carreez01,485567,Ezequiel Carrera,L,L,Y
carrejo01,468528,Joel Carreno,R,R,Y
carroja01,425206,Jamey Carroll,R,R,N
carsoro01,518533,Robert Carson,L,L,Y
cartech02,474892,Chris Carter,R,R,Y
casalcu01,592200,Curt Casali,R,R,Y
cashnan01,488768,Andrew Cashner,R,R,Y
casilal01,458210,Alexi Casilla,B,R,N
casilja01,433586,Santiago Casilla,R,R,N
cassebo01,445001,Bobby Cassevah,R,R,Y
casteal01,543008,Alex Castellanos,R,R,Y
casteni01,592206,Nicholas Castellanos,R,R,Y
castery01,624418,Ryan Castellani,R,R,Y
castidi01,650895,Diego Castillo,R,R,Y
castijo03,620454,Jose Castillo,L,L,Y
castilu02,622491,Luis Castillo,R,R,Y
castiru02,628329,Rusney Castillo,R,R,Y
castiwe01,456078,Welington Castillo,R,R,Y
castrha01,605612,Harold Castro,L,R,Y
castrja01,488771,Jason Castro,L,R,Y
castrmi01,612434,Miguel Castro,R,R,Y
castrst01,516770,Starlin Castro,R,R,Y
castrwi01,650489,Willi Castro,B,R,Y
caveja01,595909,Jake Cave,L,L,Y
ceasedy01,656302,Dylan Cease,R,R,Y
cecchga01,594555,Garin Cecchini,L,R,Y
cecchga02,608325,Gavin Cecchini,R,R,Y
cecilbr01,446399,Brett Cecil,R,L,Y
cedenro02,430592,Ronny Cedeno,R,R,N
cedenxa01,458584,Xavier Cedeno,L,L,Y
centeju01,518542,Juan Centeno,L,R,Y
cervefr01,465041,Francisco Cervelli,R,R,Y
cespeyo01,493316,Yoenis Cespedes,R,R,Y
cessalu01,570666,Luis Cessa,R,R,Y
chacijh01,468504,Jhoulys Chacin,R,R,Y
chafian01,605177,Andrew Chafin,R,L,Y
chambad01,518545,Adron Chambers,L,L,Y
chambjo03,501955,Joba Chamberlain,R,R,N
changyu01,644374,Yu Chang,R,R,Y
chapmar01,547973,Aroldis Chapman,L,L,Y
chapmma01,656305,Matt Chapman,R,R,Y
chargjt01,608638,J.T. Chargois,B,R,Y
chatwty01,543022,Tyler Chatwood,R,R,Y
chaveen01,346795,Endy Chavez,L,L,N
chaveer01,136767,Eric Chavez,L,R,N
chaveje01,445926,Jesse Chavez,R,R,Y
chavimi01,656308,Michael Chavis,R,R,Y
chenbr01,136600,Bruce Chen,L,L,N
chenwe02,612672,Wei-Yin Chen,L,L,Y
chiriro01,455139,Robinson Chirinos,R,R,Y
chiriyo01,630023,Yonny Chirinos,R,R,Y
chiselo01,502082,Lonnie Chisenhall,L,R,Y
chishja01,665862,Jazz Chisholm,L,R,Y
choatra01,329092,Randy Choate,L,L,N
choicmi01,574831,Michael Choice,R,R,Y
choiji01,596847,Ji-Man Choi,L,R,Y
choosh01,425783,Shin-Soo Choo,L,L,Y
chulkvi01,425562,Vinnie Chulk,R,R,N
cimbead01,643256,Adam Cimber,R,R,Y
cingrto01,571561,Tony Cingrani,L,L,Y
ciriape01,465674,Pedro Ciriaco,R,R,Y
cishest01,518553,Steve Cishek,R,R,Y
cisnejo01,542585,Jose Cisnero,R,R,Y
ciuffni01,624419,Nick Ciuffo,L,R,Y
civalaa01,650644,Aaron Civale,R,R,Y
clarkta01,664199,Taylor Clarke,R,R,Y
claseem01,661403,Emmanuel Clase,R,R,Y
claudal01,592222,Alex Claudio,L,L,Y
clemeje01,459943,Jeff Clement,L,R,N
clemepa02,518560,Paul Clemens,R,R,Y
cletoma01,521055,Maikel Cleto,R,R,Y
clevest01,502182,Steve Clevenger,L,R,Y
clevimi01,605182,Mike Clevinger,R,R,Y
clippty01,461325,Tyler Clippard,R,R,Y
cloydty01,543031,Tyler Cloyd,R,R,Y
coatsja01,605183,Jason Coats,R,R,Y
cobbal01,502171,Alex Cobb,R,R,Y
codyky01,621129,Kyle Cody,R,R,Y
coellro01,445193,Robert Coello,R,R,N
coghlch01,458085,Chris Coghlan,L,R,Y
cokeph01,457435,Phil Coke,L,L,N
colabch01,499624,Chris Colabello,R,R,N
coleaj01,595918,A.J. Cole,R,R,Y
colege01,543037,Gerrit Cole,R,R,Y
colemdu01,543038,Dusty Coleman,R,R,Y
colemlo01,488786,Louis Coleman,R,R,Y
coleta01,518566,Taylor Cole,R,R,Y
colliti01,525768,Tim Collins,L,L,Y
collity01,607385,Tyler Collins,L,L,Y
colliza01,641470,Zack Collins,L,R,Y
collmjo01,518567,Josh Collmenter,R,R,Y
colomal01,517008,Alex Colome,R,R,Y
colonba01,112526,Bartolo Colon,R,R,N
colonch01,518568,Christian Colon,R,R,Y
colvity01,502125,Tyler Colvin,L,L,Y
confomi01,624424,Michael Conforto,L,R,Y
congeha01,474233,Hank Conger,B,R,Y
conlead01,543045,Adam Conley,L,L,Y
constjo01,468429,Jose Constanza,L,L,N
contrjo01,425747,Jose Contreras,R,R,N
contrwi01,575929,Willson Contreras,R,R,Y
contrwi02,661388,William Contreras,R,R,Y
cookaa01,346871,Aaron Cook,R,R,N
cookry01,475857,Ryan Cook,R,R,Y
cooneti01,608641,Tim Cooney,L,L,Y
coopeda01,476036,David Cooper,L,L,Y
coopega03,643265,Garrett Cooper,R,R,Y
corbipa01,571578,Patrick Corbin,L,L,Y
cordefr01,150188,Francisco Cordero,R,R,N
cordefr02,614173,Franchy Cordero,L,R,Y
cordeji01,622772,Jimmy Cordero,R,R,Y
cordery01,641477,Ryan Cordell,R,R,Y
cordoal01,642707,Allen Cordoba,R,R,Y
corpoca01,449786,Carlos Corporan,B,R,N
correca01,621043,Carlos Correa,R,R,Y
correke01,429781,Kevin Correia,R,R,N
cortene01,641482,Nestor Cortes Jr.,R,L,Y
cosarja01,543054,Jarred Cosart,R,R,Y
costami01,453068,Mike Costanzo,L,R,N
cothaca01,571584,Caleb Cotham,R,R,Y
cottojh01,605194,Jharel Cotton,R,R,Y
cottsne01,425840,Neal Cotts,L,L,N
couloda01,543056,Daniel Coulombe,L,L,Y
coveydy01,592229,Dylan Covey,R,R,Y
cowarka01,592230,Kaleb Cowart,B,R,Y
cowgico01,518577,Collin Cowgill,R,L,Y
coxza01,543059,Zack Cox,L,R,Y
cozarza01,446359,Zack Cozart,R,R,Y
cozendy01,622226,Dylan Cozens,L,L,Y
craigal01,501800,Allen Craig,R,R,N
crainje01,430884,Jesse Crain,R,R,N
cravyty01,572788,Tyler Cravy,R,R,Y
crawfbr01,543063,Brandon Crawford,L,R,Y
crawfca02,408307,Carl Crawford,L,L,N
crawfev01,457751,Evan Crawford,R,L,Y
crawfjp01,641487,J.P. Crawford,L,R,Y
crichst01,592233,Stefan Crichton,R,R,Y
crickky01,605195,Kyle Crick,L,R,Y
crispco01,424825,Coco Crisp,B,R,N
crochga01,676979,Garrett Crochet,L,L,Y
croncj01,543068,C.J. Cron,R,R,Y
croneja01,630105,Jake Cronenworth,L,R,Y
cronke01,605196,Kevin Cron,R,R,Y
crosbca01,518582,Casey Crosby,R,L,Y
crowaa01,543070,Aaron Crow,R,R,Y
crowetr01,460067,Trevor Crowe,B,R,N
cruzlu01,458501,Luis Cruz,R,R,N
cruzne02,443558,Nelson Cruz,R,R,Y
cruzon01,665833,Oneil Cruz,L,R,Y
cruzrh01,462480,Rhiner Cruz,R,R,Y
cruzto03,488810,Tony Cruz,R,R,Y
cuddymi01,150212,Michael Cuddyer,R,R,N
cuetojo01,456501,Johnny Cueto,R,R,Y
cuevano01,571595,Noel Cuevas,R,R,Y
culbech01,518586,Charlie Culberson,R,R,Y
cumpbr01,592238,Brandon Cumpton,R,R,Y
cunnito01,592239,Todd Cunningham,B,R,Y
curtijo02,595928,John Curtiss,R,R,Y
custja01,400091,Jack Cust,L,R,N
cuthbch01,596144,Cheslor Cuthbert,R,R,Y
dahlda01,621311,David Dahl,L,R,Y
dalbebo01,666915,Bobby Dalbec,R,R,Y
damonjo01,113028,Johnny Damon,L,L,N
danksjo01,433579,John Danks,L,L,Y
danksjo02,458668,Jordan Danks,L,R,Y
darnach01,488818,Chase d'Arnaud,R,R,Y
darnatr01,518595,Travis d'Arnaud,R,R,Y
darneja01,543083,James Darnell,R,R,Y
darviyu01,506433,Yu Darvish,R,R,Y
davidma02,571602,Matt Davidson,R,R,Y
davieky01,434678,Kyle Davies,R,R,N
davieza02,605200,Zach Davies,R,R,Y
davisch02,448801,Chris Davis,L,R,Y
davisdo02,150277,Doug Davis,R,R,N
davisik02,477195,Ike Davis,L,L,N
davisja03,664041,Jaylin Davis,R,R,Y
davisjd01,605204,J.D. Davis,R,R,Y
davisjo05,641505,Jonathan Davis,R,R,Y
daviskh01,501981,Khris Davis,R,R,Y
davisra01,434658,Rajai Davis,R,R,N
daviswa01,451584,Wade Davis,R,R,Y
daytogr01,594795,Grant Dayton,L,L,Y
dazayo01,602074,Yonathan Daza,R,R,Y
deanau01,621573,Austin Dean,R,R,Y
deazaal01,457477,Alejandro De Aza,L,L,N
deckeja01,543094,Jaff Decker,L,L,Y
dedunsa01,465679,Samuel Deduno,R,R,N
defraju01,518603,Justin De Fratus,B,R,Y
degroja01,594798,Jacob deGrom,L,R,Y
dejesda01,430203,David DeJesus,L,L,N
dejesiv02,474443,Ivan De Jesus,R,R,Y
dejonch01,608328,Chase De Jong,L,R,Y
dejonpa01,657557,Paul DeJong,R,R,Y
delabst01,447755,Steve Delabar,R,R,N
delarda01,451773,Dane De La Rosa,R,R,N
delarru01,523989,Rubby De La Rosa,R,R,Y
deleojo01,592254,Jose De Leon,R,R,Y
delgara01,517414,Randall Delgado,R,R,Y
delmoni01,547170,Nicky Delmonico,L,R,Y
delosen01,660853,Enyel De Los Santos,R,R,Y
delosfa01,501745,Fautino De Los Santos,R,R,Y
delroen01,491688,Enerio Del Rosario,R,R,Y
demertr01,641513,Travis Demeritte,R,R,Y
dempsry01,133225,Ryan Dempster,R,R,N
dendema01,544925,Matt den Dekker,L,L,Y
denorch01,456121,Chris Denorfia,R,R,N
derosma01,136660,Mark DeRosa,R,R,N
descada01,518614,Daniel Descalso,L,R,Y
desclan01,543101,Anthony DeSclafani,R,R,Y
deshide02,592261,Delino DeShields,R,R,Y
desmoia01,435622,Ian Desmond,R,R,Y
despaod01,628333,Odrisamer Despaigne,R,R,Y
detmere01,672282,Reid Detmers,L,L,Y
detwiro01,446321,Ross Detwiler,R,L,Y
devench02,606965,Chris Devenski,R,R,Y
deverra01,646240,Rafael Devers,L,R,Y
devrico01,453301,Cole DeVries,R,R,Y
dewitbl01,455088,Blake DeWitt,L,R,Y
diamosc01,539438,Scott Diamond,L,L,Y
diazal02,649557,Aledmys Diaz,R,R,Y
diazed04,621242,Edwin Diaz,R,R,Y
diazel01,553869,Elias Diaz,R,R,Y
diazis01,656371,Isan Diaz,L,R,Y
diazja01,545064,Jairo Diaz,R,R,Y
diazju01,501726,Juan Diaz,R,R,N
diazju03,471822,Jumbo Diaz,R,R,N
diazle01,650331,Lewin Diaz,L,L,Y
diazma02,429841,Matt Diaz,R,R,N
diazya01,650490,Yandy Diaz,R,R,Y
diazyu01,666783,Yusniel Diaz,R,R,Y
dickeal01,543105,Alex Dickerson,L,L,Y
dickech01,447736,Chris Dickerson,L,L,N
dickeco01,572816,Corey Dickerson,L,R,Y
dicker.01,285079,R.A. Dickey,R,R,N
dicksbr01,505447,Brandon Dickson,R,R,N
diekmja01,518617,Jake Diekman,L,L,Y
dietrde01,518618,Derek Dietrich,L,R,Y
difowi01,594694,Wilmer Difo,B,R,Y
dillati01,457422,Tim Dillard,R,R,N
dinini01,664926,Nick Dini,R,R,Y
dirksan01,543108,Andy Dirks,L,L,Y
dixonbr01,641525,Brandon Dixon,R,R,Y
dobbsgr01,425785,Greg Dobbs,L,R,N
dobnara01,677976,Randy Dobnak,R,R,Y
dolisra01,503569,Rafael Dolis,R,R,Y
dominma01,518625,Matt Dominguez,R,R,Y
dominse01,622554,Seranthony Dominguez,R,R,Y
donalja01,453228,Jason Donald,R,R,N
donaljo02,518626,Josh Donaldson,R,R,Y
doolise01,448281,Sean Doolittle,L,L,Y
doteloc01,136734,Octavio Dotel,R,R,N
doubrfe01,467094,Felix Doubront,L,L,Y
doumiry01,425491,Ryan Doumit,B,R,N
downsda02,445153,Darin Downs,R,L,Y
downsje01,669023,Jeter Downs,R,R,Y
downsma01,453303,Matt Downs,R,R,N
downssc01,275933,Scott Downs,L,L,N
doziebr01,572821,Brian Dozier,R,R,Y
doziehu01,641531,Hunter Dozier,R,R,Y
drabeky01,475138,Kyle Drabek,R,R,Y
drakeol01,543118,Oliver Drake,R,R,Y
drewj.01,136770,J.D. Drew,L,R,N
drewst01,452220,Stephen Drew,L,R,N
drurybr01,592273,Brandon Drury,R,R,Y
dubonma01,643289,Mauricio Dubon,R,R,Y
duchsju01,407113,Justin Duchscherer,R,R,N
dudalu01,446263,Lucas Duda,L,R,Y
duensbr01,488846,Brian Duensing,L,L,N
duffety01,608648,Tyler Duffey,R,R,Y
duffyda01,518633,Danny Duffy,L,L,Y
duffyma01,622110,Matt Duffy,R,R,Y
duggast01,621453,Steven Duggar,L,R,Y
duggero01,667498,Robert Dugger,R,R,Y
dukeza01,435043,Zach Duke,L,L,N
dullry01,623430,Ryan Dull,R,R,Y
duncash01,455167,Shelley Duncan,R,R,N
dunnad01,276055,Adam Dunn,L,R,N
dunnida01,641540,Dane Dunning,R,R,Y
dunnju01,643290,Justin Dunn,R,R,Y
dunnmi01,445197,Mike Dunn,L,L,Y
duplajo01,641541,Jon Duplantier,L,R,Y
duranja01,680776,Jarren Duran,L,R,Y
durbich01,239795,Chad Durbin,R,R,N
duvalad01,594807,Adam Duvall,R,R,Y
dysonja01,502481,Jarrod Dyson,L,R,Y
dysonsa01,473879,Sam Dyson,R,R,Y
eatonad02,594809,Adam Eaton,L,L,Y
eckstda01,275930,David Eckstein,R,R,N
edginjo01,572831,Josh Edgin,L,L,Y
edmanto01,669242,Tommy Edman,B,R,Y
edmonji01,113744,Jim Edmonds,L,L,N
edwarca01,605218,Carl Edwards Jr.,R,R,Y
eflinza01,621107,Zach Eflin,R,R,Y
eibnebr01,518649,Brett Eibner,R,R,Y
eickhje01,595191,Jerad Eickhoff,R,R,Y
elbersc01,455092,Scott Elbert,L,L,Y
eliasro01,606273,Roenis Elias,L,L,Y
ellisaj01,454560,A.J. Ellis,R,R,N
ellisma01,407885,Mark Ellis,R,R,N
ellsbja01,453056,Jacoby Ellsbury,L,L,N
elmorja01,518653,Jake Elmore,R,R,Y
elyjo01,518655,John Ely,R,R,Y
encared01,429665,Edwin Encarnacion,R,R,Y
engelad01,641553,Adam Engel,R,R,Y
enrigba01,446264,Barry Enright,R,R,Y
eovalna01,543135,Nathan Eovaldi,R,R,Y
eppleco01,543136,Cody Eppley,R,R,Y
erlinro01,572362,Robbie Erlin,R,L,Y
ervinph01,640447,Phil Ervin,R,R,Y
escobal02,444876,Alcides Escobar,R,R,Y
escobed01,500871,Eduardo Escobar,B,R,Y
escobyu01,488862,Yunel Escobar,R,R,N
eshelto01,664045,Tom Eshelman,R,R,Y
espinan01,659262,Anderson Espinoza,R,R,Y
espinda01,457787,Danny Espinosa,B,R,Y
estevca01,608032,Carlos Estevez,R,R,Y
estrama01,462136,Marco Estrada,R,R,N
estrath01,642731,Thairo Estrada,R,R,Y
ethiean01,444843,Andre Ethier,L,L,N
evansde01,663770,Demarcus Evans,R,R,Y
exposlu01,458701,Luis Exposito,R,R,Y
fairbpe01,664126,Pete Fairbanks,R,R,Y
faluir01,458252,Irving Falu,B,R,N
familje01,544727,Jeurys Familia,R,R,Y
fariaja01,607188,Jacob Faria,R,R,Y
farmebu01,571656,Buck Farmer,L,R,Y
farmeky01,571657,Kyle Farmer,R,R,Y
farnsky01,150035,Kyle Farnsworth,R,R,N
farquda01,543144,Danny Farquhar,R,R,Y
farrier01,456544,Eric Farris,R,R,Y
feathta01,605227,Taylor Featherston,R,R,Y
feddeer01,607200,Erick Fedde,R,R,Y
federti01,543148,Tim Federowicz,R,R,Y
feldmsc01,444857,Scott Feldman,L,R,N
felicpe01,408230,Pedro Feliciano,L,L,N
felizmi01,593140,Michael Feliz,R,R,Y
felizne01,491703,Neftali Feliz,R,R,Y
ferguca01,657571,Caleb Ferguson,R,L,Y
fernajo01,605228,Jose Fernandez,R,R,Y
fernajo03,628336,Jose Miguel Fernandez,L,R,Y
fickch01,518674,Chuckie Fick,R,R,Y
fieldjo03,451661,Josh Fields,R,R,Y
fieldjo04,608654,Johnny Field,R,R,Y
fieldpr01,425902,Prince Fielder,L,R,N
fienca01,502272,Casey Fien,R,R,N
fiersmi01,571666,Mike Fiers,R,R,Y
fifest01,543155,Stephen Fife,R,R,Y
figgich01,408210,Chone Figgins,B,R,N
figuepe01,471896,Pedro Figueroa,L,L,Y
fillmhe01,641571,Heath Fillmyer,R,R,Y
finnebr01,605232,Brandon Finnegan,L,L,Y
fishede01,605233,Derek Fisher,L,R,Y
fistedo01,450729,Doug Fister,L,R,N
flaheja01,656427,Jack Flaherty,R,R,Y
flahery01,475247,Ryan Flaherty,L,R,Y
flemijo01,676596,Josh Fleming,R,L,Y
fletcda02,664058,David Fletcher,R,R,Y
floreje02,435520,Jesus Flores,R,R,N
florera01,570717,Ramon Flores,L,L,Y
florewi01,527038,Wilmer Flores,R,R,Y
floripe01,465753,Pedro Florimon,B,R,Y
florody01,571670,Dylan Floro,L,R,Y
flowety01,452095,Tyler Flowers,R,R,Y
floydga01,425856,Gavin Floyd,R,R,N
flynnbr01,543169,Brian Flynn,L,L,Y
foltymi01,592314,Mike Foltynewicz,R,R,Y
fontwi01,521655,Wilmer Font,R,R,Y
fordle01,217915,Lew Ford,R,R,N
fordmi01,645801,Mike Ford,L,R,Y
forsylo01,523253,Logan Forsythe,R,R,Y
fostema01,641582,Matt Foster,R,R,Y
fowlede01,451594,Dexter Fowler,B,R,Y
fowledu01,641583,Dustin Fowler,L,L,Y
foxlu01,665650,Lucius Fox,B,R,Y
fraleja01,641584,Jake Fraley,L,L,Y
francbe01,450204,Ben Francisco,R,R,N
francfr01,407911,Frank Francisco,R,R,N
francje01,433585,Jeff Francis,L,L,N
francje02,425796,Jeff Francoeur,R,R,N
francju02,464433,Juan Francisco,L,R,Y
francma02,596748,Maikel Franco,L,R,Y
francty01,664034,Ty France,R,R,Y
francwa01,677551,Wander Franco,B,R,Y
frandke01,435623,Kevin Frandsen,R,R,N
frankni01,545338,Nick Franklin,B,R,Y
frankry01,211041,Ryan Franklin,R,R,N
frasoja01,430630,Jason Frasor,R,R,N
fraziad01,624428,Adam Frazier,L,R,Y
frazicl01,640449,Clint Frazier,R,R,Y
frazito01,453943,Todd Frazier,R,R,Y
freelky01,607536,Kyle Freeland,L,L,Y
freemfr01,518692,Freddie Freeman,L,R,Y
freemmi01,502273,Mike Freeman,L,R,Y
freemsa01,518693,Sam Freeman,R,L,Y
freemty01,671289,Tyler Freeman,R,R,Y
freesda01,501896,David Freese,R,R,N
freitda01,571679,David Freitas,R,R,Y
friasca01,516910,Carlos Frias,R,R,Y
friedch01,543184,Christian Friedrich,R,L,Y
friedma01,608331,Max Fried,L,L,Y
frierer01,457117,Ernesto Frieri,R,R,Y
fryja01,605240,Jace Fry,L,L,Y
frypa01,643316,Paul Fry,L,L,Y
fuentbr01,150118,Brian Fuentes,L,L,N
fuentjo01,658069,Josh Fuentes,R,R,Y
fuentra01,571681,Reymond Fuentes,L,L,Y
fujikky01,493117,Kyuji Fujikawa,L,R,N
fukudko01,493120,Kosuke Fukudome,L,R,N
fuldsa01,453539,Sam Fuld,L,L,N
fulmeca01,608334,Carson Fullmer,R,R,Y
fulmemi01,605242,Michael Fulmer,R,R,Y
furbuch01,518703,Charlie Furbush,L,L,Y
furcara02,279577,Rafael Furcal,B,R,N
galarar01,451482,Armando Galarraga,R,R,N
gallaca01,595956,Cam Gallagher,R,R,Y
gallayo01,451596,Yovani Gallardo,R,R,Y
gallegi01,606149,Giovanny Gallegos,R,R,Y
galleza01,668678,Zac Gallen,R,R,Y
gallois01,543194,Isaac Galloway,R,R,Y
gallojo01,608336,Joey Gallo,L,R,Y
galvifr01,520471,Freddy Galvis,B,R,Y
gamelbe01,592325,Ben Gamel,L,L,Y
gamelma01,451143,Mat Gamel,L,R,Y
gantjo01,607231,John Gant,R,R,Y
garciad01,611177,Adonis Garcia,R,R,Y
garciad02,666969,Adolis Garcia,R,R,Y
garcian02,571685,Anthony Garcia,R,R,Y
garciar01,605244,Aramis Garcia,R,R,Y
garciav01,541645,Avisail Garcia,R,R,Y
garcibr01,650530,Bryan Garcia,R,R,Y
garcich02,451600,Christian Garcia,R,R,Y
garcide01,665620,Deivi Garcia,R,R,Y
garcied01,658305,Edgar Garcia,R,R,Y
garcifr03,150119,Freddy Garcia,R,R,N
garcigr01,594824,Greg Garcia,L,R,Y
garcija02,448802,Jaime Garcia,L,L,Y
garcija04,606424,Jarlin Garcia,L,L,Y
garcijo02,676480,Jose Garcia,R,R,Y
garcile02,544725,Leury Garcia,B,R,Y
garcilu03,472610,Luis Garcia,R,R,Y
garcilu04,671277,Luis Garcia,L,R,Y
garciro02,596825,Robel Garcia,B,R,Y
garciwi01,591994,Willy Garcia,R,R,Y
garciyi01,554340,Yimi Garcia,R,R,Y
gardnbr01,458731,Brett Gardner,L,L,Y
garlajo01,279782,Jon Garland,R,R,N
garliky01,664247,Kyle Garlick,R,R,Y
garnedu01,572863,Dustin Garneau,R,R,Y
garream01,607237,Amir Garrett,L,L,Y
garrebr01,666129,Braxton Garrett,L,L,Y
garvemi01,641598,Mitch Garver,R,R,Y
garzama01,490063,Matt Garza,R,R,N
gattiev01,594828,Evan Gattis,R,R,Y
gaudich01,429985,Chad Gaudin,R,R,N
gausmke01,592332,Kevin Gausman,L,R,Y
gavigsa01,543208,Sam Gaviglio,R,R,Y
gearrco01,518715,Cory Gearrin,R,R,Y
geedi01,518716,Dillon Gee,R,R,Y
geltzst01,544993,Steve Geltz,R,R,Y
gennesc01,571697,Scooter Gennett,L,R,Y
gentrcr01,502226,Craig Gentry,R,R,N
gerbemi01,595222,Michael Gerber,L,R,Y
germado01,593334,Domingo German,R,R,Y
germego01,542674,Gonzalez Germen,R,R,Y
getzch01,460051,Chris Getz,L,R,N
giambja01,114739,Jason Giambi,L,R,N
giavojo01,543213,Johnny Giavotella,R,R,Y
gibsoky01,502043,Kyle Gibson,R,R,Y
gierrta01,594027,Tayron Guerrero,R,R,Y
gilbelo01,669302,Logan Gilbert,R,R,Y
gileske01,571704,Ken Giles,R,R,Y
gillaco01,543216,Conor Gillaspie,L,R,Y
gimenan01,665926,Andres Gimenez,L,R,Y
gimench01,460269,Chris Gimenez,R,R,N
gimenhe01,430591,Hector Gimenez,B,R,N
gindlca01,518725,Caleb Gindl,L,L,Y
ginkeke01,656464,Kevin Ginkel,L,R,Y
giolilu01,608337,Lucas Giolito,R,R,Y
givenmy01,571710,Mychal Givens,R,R,Y
glasnty01,607192,Tyler Glasnow,L,R,Y
glaustr01,136267,Troy Glaus,R,R,N
gloveko01,606983,Koda Glover,R,R,Y
godfrgr01,453232,Graham Godfrey,R,R,N
godleza01,643327,Zack Godley,R,R,Y
goeddty01,595963,Tyler Goeddel,R,R,Y
goharlu01,627894,Luiz Gohara,L,L,Y
goinsry01,572365,Ryan Goins,L,R,Y
goldspa01,502671,Paul Goldschmidt,R,R,Y
gombeau01,596295,Austin Gomber,L,L,Y
gomesjo01,430404,Jonny Gomes,R,R,N
gomesya01,543228,Yan Gomes,R,R,Y
gomezca01,460576,Carlos Gomez,R,R,Y
gomezje01,491646,Jeanmar Gomez,R,R,Y
gomezma01,450855,Mauro Gomez,R,R,N
gonsast01,624427,Stephen Gonsalves,L,L,Y
gonsoto01,664062,Tony Gonsolin,R,R,Y
gonzaad01,408236,Adrian Gonzalez,L,L,N
gonzaal02,136460,Alex Gonzalez,R,R,N
gonzaal03,471868,Alberto Gonzalez,R,R,N
gonzaca01,471865,Carlos Gonzalez,L,L,Y
gonzach01,592346,Chi Chi Gonzalez,R,R,Y
gonzaer01,570481,Erik Gonzalez,R,R,Y
gonzagi01,461829,Gio Gonzalez,R,L,Y
gonzama01,503556,Marwin Gonzalez,B,R,Y
gonzama02,594835,Marco Gonzales,L,L,Y
gonzami02,283166,Michael Gonzalez,R,L,N
gonzami03,456068,Miguel Gonzalez,R,R,N
gonzami05,646057,Miguel Alfredo Gonzalez,R,R,Y
gonzase01,605894,Severino Gonzalez,R,R,Y
goodrni01,592348,Niko Goodrum,B,R,Y
goodwbr01,571718,Brian Goodwin,L,R,Y
goodyni01,580792,Nick Goody,R,R,Y
gordoal01,460086,Alex Gordon,L,R,Y
gordode01,543829,Dee Strange-Gordon,L,R,Y
gordoni01,624503,Nick Gordon,L,R,Y
gorema01,669022,MacKenzie Gore,L,L,Y
gorete01,605253,Terrance Gore,R,R,Y
gorskda01,571719,Darin Gorski,L,L,Y
gorzeto01,452733,Tom Gorzelanny,R,L,N
gosean01,543238,Anthony Gose,L,L,Y
gosewtu01,488912,Tuffy Gosewisch,R,R,N
gosseda01,605254,Daniel Gossett,R,R,Y
gosseph01,594838,Phil Gosselin,R,R,Y
gotttr01,641627,Trevor Gott,R,R,Y
gourrlo01,666971,Lourdes Gurriel,R,R,Y
gourryu01,493329,Yulieski Gurriel,R,R,Y
gracema02,594840,Matt Grace,L,L,Y
grandcu01,434158,Curtis Granderson,L,R,N
grandya01,518735,Yasmani Grandal,B,R,Y
graniza01,643335,Zach Granite,L,L,Y
gratebr01,660813,Brusdar Graterol,R,R,Y
graveke01,608665,Kendall Graveman,R,R,Y
grayjo02,592351,Jon Gray,R,R,Y
grayjo03,680686,Josiah Gray,R,R,Y
grayso01,543243,Sonny Gray,R,R,Y
greench03,643338,Chad Green,L,R,Y
greenco01,641632,Conner Greene,R,R,Y
greengr01,502205,Grant Green,R,R,Y
greenhu01,668881,Hunter Greene,R,R,Y
greenri01,682985,Riley Greene,L,L,Y
greensh02,572888,Shane Greene,L,L,Y
greenta01,488919,Taylor Green,L,R,Y
greenty02,460022,Tyler Greene,R,R,N
gregelu01,502381,Luke Gregerson,L,R,N
greggke01,276514,Kevin Gregg,R,R,N
gregodi01,544369,Didi Gregorius,L,R,Y
greingr01,606988,Grayson Greiner,R,R,Y
greinza01,425844,Zack Greinke,R,R,Y
grichra01,545341,Randal Grichuk,R,R,Y
griffaj01,456167,A.J. Griffin,R,R,Y
grillja01,276351,Jason Grilli,R,R,N
grimmju01,518748,Justin Grimm,R,R,Y
grishtr01,663757,Trent Grisham,L,L,Y
groomja01,666130,Jay Groome,L,L,Y
grossro01,543257,Robbie Grossman,B,L,Y
gsellro01,607229,Robert Gsellman,R,R,Y
guerral01,648717,Alex Guerrero,R,R,Y
guerrja01,457915,Javy Guerra,R,R,Y
guerrju02,448855,Junior Guerra,R,R,Y
guerrma02,407825,Matt Guerrier,R,R,N
guerrta02,605260,Taylor Guerrieri,R,R,Y
guerrvl01,115223,Vladimir Guerrero,R,R,N
guerrvl02,665489,Vladimir Guerrero Jr.,R,R,Y
guillca01,136722,Carlos Guillen,B,R,N
guilljo01,115229,Jose Guillen,R,R,N
guilllu01,641645,Luis Guillorme,L,R,Y
gustaja01,594311,Jandel Gustave,R,R,Y
guthrje01,425386,Jeremy Guthrie,R,R,N
gutiefr01,429711,Franklin Gutierrez,R,R,N
gutieke01,642721,Kelvin Gutierrez,R,R,Y
gutievl01,661269,Vladimir Gutierrez,R,R,Y
guyerbr01,446386,Brandon Guyer,R,R,Y
guzmaje01,461882,Jesus Guzman,R,R,Y
guzmaro01,608597,Ronald Guzman,L,L,Y
gwynnto02,448242,Tony Gwynn,L,R,N
gyorkje01,576397,Jedd Gyorko,R,R,Y
haderjo01,623352,Josh Hader,L,L,Y
hafnetr01,400098,Travis Hafner,L,R,N
hagadni01,444935,Nick Hagadone,L,L,Y
haggesa01,664059,Sam Haggerty,B,R,Y
hahnje01,534910,Jesse Hahn,R,R,Y
hairsje02,150020,Jerry Hairston,R,R,N
hairssc01,430668,Scott Hairston,R,R,N
haleda01,571735,David Hale,R,R,Y
hallaro01,136880,Roy Halladay,R,R,N
hallbi01,407849,Bill Hall,R,R,N
hallma02,664180,Matt Hall,L,L,Y
hamelco01,430935,Cole Hamels,L,L,Y
hamilbi02,571740,Billy Hamilton,B,R,Y
hamiljo03,285078,Josh Hamilton,L,L,N
hammeja01,434628,Jason Hammel,R,R,N
hampsga01,641658,Garrett Hampson,R,R,Y
handbr01,543272,Brad Hand,L,L,Y
hanigmi01,571745,Mitch Haniger,R,R,Y
hanigry01,452672,Ryan Hanigan,R,R,N
hannaja01,435219,Jack Hannahan,L,R,N
hanrajo01,430629,Joel Hanrahan,R,R,N
hanseal01,641662,Alec Hansen,R,R,Y
hansoal01,593700,Alen Hanson,B,R,Y
hansoto01,462102,Tommy Hanson,R,R,Y
happia01,664023,Ian Happ,B,R,Y
happja01,457918,J.A. Happ,L,L,Y
haranaa01,421685,Aaron Harang,R,R,N
harderi01,425848,Rich Harden,L,R,N
hardybl01,543278,Blaine Hardy,L,L,Y
hardyjj01,429666,J.J. Hardy,R,R,N
harenda01,429717,Dan Haren,R,R,N
harpebr03,547180,Bryce Harper,L,R,Y
harpery01,607560,Ryne Harper,R,R,Y
harrelu01,449173,Lucas Harrell,B,R,Y
harrijo05,543281,Josh Harrison,R,R,Y
harrima01,457448,Matt Harrison,L,L,Y
harrimo01,656509,Monte Harrison,R,R,Y
harriwi10,501789,Will Harris,R,R,Y
hartco01,430611,Corey Hart,R,R,N
hartlge01,664129,Geoff Hartlieb,R,R,Y
harvehu01,640451,Hunter Harvey,R,R,Y
harvema01,518774,Matt Harvey,R,R,Y
haselad01,656514,Adam Haseley,L,L,Y
hassaal01,572910,Alex Hassan,R,R,Y
hatchch02,501822,Chris Hatcher,B,R,Y
hatchto01,641672,Thomas Hatch,R,R,Y
havenre01,458704,Reese Havens,L,R,Y
hawkila01,115629,LaTroy Hawkins,R,R,N
hawpebr01,425547,Brad Hawpe,L,L,N
hayeske01,663647,Ke'Bryan Hayes,R,R,Y
haysau01,669720,Austin Hays,R,R,Y
hazelje01,571757,Jeremy Hazelbaker,L,R,Y
headlch01,452104,Chase Headley,B,R,N
healyry01,592387,Ryon Healy,R,R,Y
heanean01,571760,Andrew Heaney,L,L,Y
hechaad01,588751,Adeiny Hechavarria,R,R,Y
hedgeau01,595978,Austin Hedges,R,R,Y
hefneje01,458550,Jeremy Hefner,R,R,Y
heinesc01,595981,Scott Heineman,R,R,Y
heinety01,623168,Tyler Heineman,S,R,Y
heisech01,502317,Chris Heisey,R,R,Y
hellebe01,621294,Ben Heller,R,R,Y
hellije01,476451,Jeremy Hellickson,R,R,N
helslry01,664854,Ryan Helsley,R,R,Y
heltoto01,115732,Todd Helton,L,L,N
hembrhe01,592390,Heath Hembree,R,R,Y
hendeji01,449104,Jim Henderson,L,R,N
hendrky01,543294,Kyle Hendricks,R,R,Y
hendrli01,521230,Liam Hendriks,R,R,Y
henslcl01,454535,Clay Hensley,R,R,N
heredgu01,628338,Guillermo Heredia,R,L,Y
hermomi01,641684,Michael Hermosillo,R,R,Y
hernace02,514917,Cesar Hernandez,B,R,Y
hernada01,456696,David Hernandez,R,R,Y
hernada02,650382,Darwinzon Hernandez,L,L,Y
hernael01,622694,Elieser Hernandez,R,R,Y
hernaen02,571771,Enrique Hernandez,R,R,Y
hernafe02,433587,Felix Hernandez,R,R,Y
hernago01,491676,Gorkys Hernandez,R,R,Y
hernajo02,642546,Jonathan Hernandez,R,R,Y
hernali01,115817,Livan Hernandez,R,R,N
hernalu01,434682,Luis Hernandez,B,R,N
hernama02,593523,Marco Hernandez,L,R,Y
hernara02,150421,Ramon Hernandez,R,R,N
hernate01,606192,Teoscar Hernandez,R,R,Y
herredi01,599096,Dilson Herrera,R,R,Y
herreel01,467070,Elian Herrera,B,R,Y
herrejo03,468406,Jonathan Herrera,B,R,N
herreke01,516969,Kelvin Herrera,R,R,Y
herreod01,546318,Odubel Herrera,L,R,Y
herrero02,594011,Rosell Herrera,B,R,Y
herrmch01,543302,Chris Herrmann,L,R,Y
hessda01,605276,David Hess,R,R,Y
hestejo01,452105,John Hester,R,R,N
hestoch01,518790,Chris Heston,R,R,Y
heuerco01,676051,Codi Heuer,R,R,Y
heywaja01,518792,Jason Heyward,L,L,Y
hicksaa01,543305,Aaron Hicks,B,R,Y
hicksbr01,518794,Brandon Hicks,R,R,Y
hicksjo02,543308,John Hicks,R,R,Y
hicksjo03,663855,Jordan Hicks,R,R,Y
higasky01,543309,Kyle Higashioka,R,R,Y
hildetr01,657610,Trevor Hildenberger,R,R,Y
hillaa01,431094,Aaron Hill,R,R,N
hillisa01,656541,Sam Hilliard,L,L,Y
hillri01,448179,Rich Hill,L,L,Y
hillsh01,429718,Shawn Hill,R,R,N
hillst01,518799,Steven Hill,R,R,Y
hillti01,657612,Tim Hill,R,L,Y
hinojda01,648737,Dalier Hinojosa,R,R,Y
hinsker01,400134,Eric Hinske,L,R,N
hiranyo01,673633,Yoshihisa Hirano,R,R,Y
hiurake01,669374,Keston Hiura,R,R,Y
hochelu01,460024,Luke Hochevar,R,R,N
hoernni01,663538,Nico Hoerner,R,R,Y
hoeslj01,543321,L.J. Hoes,R,R,Y
hoffmje02,656546,Jeff Hoffman,R,R,Y
hoffmtr01,116034,Trevor Hoffman,R,R,N
holadbr01,592407,Bryan Holaday,R,R,Y
holdejo02,656547,Jonathan Holder,R,R,Y
hollade01,502706,Derek Holland,B,L,Y
hollagr01,518813,Greg Holland,R,R,Y
hollima01,407812,Matt Holliday,R,R,N
holmecl01,605280,Clay Holmes,R,R,Y
holmegr01,656550,Grant Holmes,L,R,Y
holtbr01,571788,Brock Holt,L,R,Y
honeybr01,641703,Brent Honeywell,R,R,Y
hoovejj01,543331,J.J. Hoover,R,R,Y
horstje01,456662,Jeremy Horst,L,L,Y
hoskirh01,656555,Rhys Hoskins,R,R,Y
hosmeer01,543333,Eric Hosmer,L,L,Y
houckta01,656557,Tanner Houck,R,R,Y
housead01,605288,Adrian Houser,R,R,Y
housetj01,543334,T.J. House,R,L,Y
howarry01,429667,Ryan Howard,L,L,N
howarsp01,675921,Spencer Howard,R,R,Y
howeljp01,434442,J.P. Howell,L,L,N
hoyinja01,592419,Jared Hoying,L,R,Y
hoytja01,624586,James Hoyt,R,R,Y
hudsoda01,543339,Daniel Hudson,R,R,Y
hudsoda02,641712,Dakota Hudson,R,R,Y
hudsoor01,407861,Orlando Hudson,B,R,N
hudsoti01,218596,Tim Hudson,R,R,N
huffau01,333492,Aubrey Huff,L,R,N
huffda01,453307,David Huff,B,L,Y
huffsa01,669087,Sam Huff,R,R,Y
hugheja02,453172,Jared Hughes,R,R,Y
hughelu01,471863,Luke Hughes,R,R,N
hugheph01,461833,Phil Hughes,R,R,Y
hultzda01,543343,Danny Hultzen,L,L,Y
humbeph01,458950,Philip Humber,R,R,N
hundlni01,460026,Nick Hundley,R,R,N
hunteto01,116338,Torii Hunter,R,R,N
hunteto02,488984,Tommy Hunter,R,R,Y
hutchdr01,571800,Drew Hutchison,L,R,Y
hwangja01,666561,Jae-Gyun Hwang,R,R,Y
iannech01,455104,Chris Iannetta,R,R,Y
ibanera01,116380,Raul Ibanez,L,R,N
igarary01,579799,Ryota Igarashi,R,R,N
iglesjo01,578428,Jose Iglesias,R,R,Y
iglesra01,628452,Raisel Iglesias,R,R,Y
inciaen01,542255,Ender Inciarte,L,L,Y
infangr01,500872,Gregory Infante,R,R,Y
infanom01,408299,Omar Infante,R,R,N
ingebr01,276346,Brandon Inge,R,R,N
irvinco01,608344,Cole Irvin,L,L,Y
ishiktr01,448170,Travis Ishikawa,L,L,N
isrinja01,116414,Jason Isringhausen,R,R,N
iwakuhi01,547874,Hisashi Iwakuma,R,R,N
iwamuak01,493127,Akinori Iwamura,L,R,N
izturma01,430895,Maicer Izturis,B,R,N
jacksal01,656577,Alex Jackson,R,R,Y
jacksau01,457706,Austin Jackson,R,R,Y
jacksbr01,571804,Brett Jackson,L,R,Y
jacksco01,433582,Conor Jackson,R,R,N
jacksed01,429719,Edwin Jackson,R,R,N
jacksja01,543351,Jay Jackson,R,R,Y
jackslu01,592426,Luke Jackson,R,R,Y
jacksry02,474249,Ryan Jackson,R,R,Y
jacobmi02,408312,Mike Jacobs,L,R,N
jamesjo02,657624,Joshua James,R,R,Y
janispa01,457926,Paul Janish,R,R,N
jankotr01,608671,Travis Jankowski,L,R,Y
janseda01,643376,Danny Jansen,R,R,Y
janseke01,445276,Kenley Jansen,B,R,Y
janssca01,445163,Casey Janssen,R,R,N
jasojo01,444379,John Jaso,L,R,N
javiecr01,664299,Cristian Javier,R,R,Y
jayjo02,445055,Jon Jay,L,L,Y
jeffeda01,641726,Daulton Jefferies,L,R,Y
jeffery01,680777,Ryan Jeffers,R,R,Y
jeffrje01,502026,Jeremy Jeffress,R,R,Y
jenkich01,554432,Chad Jenkins,R,R,Y
jenksbo01,408057,Bobby Jenks,R,R,N
jennida01,543359,Dan Jennings,L,L,Y
jennide01,457775,Desmond Jennings,R,R,Y
jepseke01,448178,Kevin Jepsen,R,R,N
jeterde01,116539,Derek Jeter,R,R,N
jimena.01,543362,A.J. Jimenez,R,R,Y
jimenel02,650391,Eloy Jimenez,R,R,Y
jimenjo01,641729,Joe Jimenez,R,R,Y
jimenlu02,499864,Luis Jimenez,R,R,Y
jimenub01,434622,Ubaldo Jimenez,R,R,N
johnsbr02,598271,Brian Johnson,L,L,Y
johnsch05,453400,Chris Johnson,R,R,N
johnsda06,430681,Dan Johnson,L,R,N
johnsda07,669288,Daniel Johnson,L,L,Y
johnsel02,471107,Elliot Johnson,B,R,N
johnser04,605304,Erik Johnson,R,R,Y
johnsji04,462382,Jim Johnson,R,R,N
johnsjo09,435178,Josh Johnson,L,R,N
johnske05,430637,Kelly Johnson,L,R,N
johnsmi04,608672,Micah Johnson,L,R,Y
johnsni01,276376,Nick Johnson,L,L,N
johnsre02,407862,Reed Johnson,R,R,N
johnsro07,453531,Rob Johnson,R,R,N
johnsst02,489002,Steve Johnson,R,R,Y
jonesad01,430945,Adam Jones,R,R,Y
jonesan01,116662,Andruw Jones,R,R,N
jonesch06,116706,Chipper Jones,R,R,N
jonesga02,434540,Garrett Jones,L,L,N
jonesja01,663330,Jahmai Jones,R,R,Y
jonesja06,571825,James Jones,L,L,Y
jonesja07,592444,JaCoby Jones,R,R,Y
jonesna01,518858,Nate Jones,R,R,Y
jonesno01,666134,Nolan Jones,L,R,Y
jonesry01,624507,Ryder Jones,L,R,Y
jordata01,518863,Taylor Jordan,R,R,Y
josepca01,543376,Caleb Joseph,R,R,Y
josepco01,543377,Corban Joseph,L,R,Y
josepto01,571830,Tommy Joseph,R,R,Y
joycema01,459964,Matt Joyce,L,R,Y
judgeaa01,592450,Aaron Judge,R,R,Y
jungmta01,543380,Taylor Jungmann,R,R,Y
junisja01,596001,Jake Junis,R,R,Y
juradar01,642558,Ariel Jurado,R,R,Y
jurrjja01,457453,Jair Jurrjens,R,R,Y
kaaihki01,451500,Kila Ka'aihue,L,R,N
kahnlto01,592454,Tommy Kahnle,R,R,Y
kalisry01,501888,Ryan Kalish,L,L,Y
kangju01,628356,Jung Ho Kang,R,R,Y
kaprija01,621076,Jame Kaprielian,R,R,Y
karinja01,675916,James Karinchak,R,R,Y
karnsna01,501992,Nate Karns,R,R,Y
karstje01,444371,Jeff Karstens,R,R,N
kawasmu01,493128,Munenori Kawasaki,L,R,N
kayan01,641743,Anthony Kay,L,L,Y
kazmisc01,431148,Scott Kazmir,L,L,N
kearnau01,400290,Austin Kearns,R,R,N
kelake01,605309,Keone Kela,R,R,Y
kelenja01,672284,Jarred Kelenic,L,L,Y
kellebr01,641745,Brad Keller,R,R,Y
kellemi01,656605,Mitch Keller,R,R,Y
kellesh01,518875,Shawn Kelley,R,R,Y
kellyca01,543391,Casey Kelly,R,R,Y
kellyca02,608348,Carson Kelly,R,R,Y
kellydo01,430603,Don Kelly,L,R,N
kellyjo05,523260,Joe Kelly,R,R,Y
kellyme01,518876,Merrill Kelly,R,R,Y
kellymi03,547184,Michael Kelly,R,R,Y
kellyty01,571841,Ty Kelly,B,R,Y
kempma01,461314,Matt Kemp,R,R,Y
kempto01,643393,Tony Kemp,L,R,Y
kendaja01,116974,Jason Kendall,R,R,N
kendrho01,435062,Howard Kendrick,R,R,Y
kendrky01,452718,Kyle Kendrick,R,R,N
kennead01,150456,Adam Kennedy,L,R,N
kennebr02,664028,Brett Kennedy,R,R,Y
kenneia01,453178,Ian Kennedy,R,R,Y
keplema01,596146,Max Kepler,L,L,Y
keppije01,433898,Jeff Keppinger,R,R,N
kershcl01,477132,Clayton Kershaw,L,L,Y
keuchda01,572971,Dallas Keuchel,L,L,Y
kieboca01,666198,Carter Kieboom,R,R,Y
kiebosp01,571851,Spencer Kieboom,R,R,Y
kiermke01,595281,Kevin Kiermaier,L,R,Y
kikucyu01,579328,Yusei Kikuchi,L,L,Y
kilomfr01,642584,Franklyn Kilome,R,R,Y
kimbrcr01,518886,Craig Kimbrel,R,R,Y
kimha01,673490,Ha-seon Kim,R,R,Y
kimhy01,547957,Hyun-soo Kim,L,R,Y
kimkw01,547942,,L,L,Y
kineris01,643396,Isiah Kiner-Falefa,L,L,Y
kingesc01,664068,Scott Kingery,R,R,Y
kinghni01,592468,Nick Kingham,R,R,Y
kingmi01,650633,Michael King,R,R,Y
kinlety01,641755,Tyler Kinley,R,R,Y
kinnejo01,448337,Josh Kinney,R,R,N
kinslia01,435079,Ian Kinsler,R,R,N
kintzbr01,445213,Brandon Kintzler,R,R,Y
kipnija01,543401,Jason Kipnis,L,R,Y
kirilal01,666135,Alex Kirilloff,L,L,Y
kirkal01,672386,Alejandro Kirk,R,R,Y
kirkmmi01,457779,Michael Kirkman,L,L,Y
kittran01,552640,Andrew Kittredge,R,R,Y
kivlepa01,623182,Patrick Kivlehan,R,R,Y
klinebr01,571858,Branden Kline,R,R,Y
klubeco01,446372,Corey Kluber,R,R,Y
knappan01,595284,Andrew Knapp,B,R,Y
knebeco01,608349,Corey Knebel,R,R,Y
knizean01,668800,Andrew Knizner,R,R,Y
kochma01,571863,Matt Koch,L,R,Y
koehlto01,543408,Tom Koehler,R,R,Y
kolarad01,592473,Adam Kolarek,L,L,Y
konerpa01,117244,Paul Konerko,R,R,N
kontoge01,502004,George Kontos,R,R,Y
kopecmi01,656629,Michael Kopech,R,R,Y
korecbo01,445090,Bobby Korecky,R,R,N
kotchca01,425773,Casey Kotchman,L,L,N
kotsama01,117276,Mark Kotsay,L,L,N
kottage01,435459,George Kottaras,L,R,N
kouzmke01,450260,Kevin Kouzmanoff,R,R,N
kowarja01,663804,Jackson Kowar,R,R,Y
kozmape01,518902,Pete Kozma,R,R,Y
krameke01,596012,Kevin Kramer,L,R,Y
kratzer01,456124,Erik Kratz,R,R,Y
kremede01,665152,Dean Kremer,R,R,Y
krolia01,571871,Ian Krol,L,L,Y
kubelja01,430585,Jason Kubel,L,R,N
kubitky01,605323,Kyle Kubitza,L,R,Y
kuhlch01,641771,Chad Kuhl,R,R,Y
kuoho01,425539,Hong-Chih Kuo,L,L,N
kurodhi01,493133,Hiroki Kuroda,R,R,N
lackejo01,407793,John Lackey,R,R,N
lacyas01,669370,Asa Lacy,L,L,Y
ladenty01,502285,Tyler Ladendorf,R,R,Y
laffeaa01,444836,Aaron Laffey,L,L,Y
lagarju01,501571,Juan Lagares,R,R,Y
lahaibr01,445933,Bryan LaHair,L,R,N
lairdbr01,477186,Brandon Laird,R,R,Y
lairdge01,408042,Gerald Laird,R,R,N
lakeju01,516809,Junior Lake,R,R,Y
lakintr01,664042,Travis Lakins,R,R,Y
lallibl01,503351,Blake Lalli,L,R,N
lamarry01,534606,Ryan LaMarre,R,L,Y
lambepe01,663567,Peter Lambert,R,R,Y
lambja01,571875,Jake Lamb,L,R,Y
lambjo02,543424,John Lamb,L,L,Y
lamboan01,518911,Andrew Lambo,L,L,Y
lametdi01,659275,Dinelson Lamet,R,R,Y
langery01,407798,Ryan Langerhans,L,L,N
lannajo01,458709,John Lannan,L,L,N
laporma01,453181,Matt LaPorta,R,R,N
larocad01,425560,Adam LaRoche,L,L,N
lasteto01,600303,Tommy La Stella,L,R,Y
latosma01,502009,Mat Latos,R,R,Y
lauerer01,641778,Eric Lauer,R,L,Y
laurera01,657656,Ramon Laureano,R,R,Y
lavarry01,543432,Ryan Lavarnway,R,R,Y
lawde01,571882,Derek Law,R,R,Y
lawreca01,596271,Casey Lawrence,R,R,Y
lawribr01,543434,Brett Lawrie,R,R,Y
leagubr01,434181,Brandon League,R,R,N
leakemi01,502190,Mike Leake,R,R,Y
leblawa01,453281,Wade LeBlanc,L,L,Y
leclejo01,600917,Jose Leclerc,R,R,Y
lecursa01,459967,Sam LeCure,R,R,Y
leeca01,150324,Carlos Lee,R,R,N
leecl02,424324,Cliff Lee,L,L,N
leeda02,493193,Dae-Ho Lee,R,R,N
leede02,117601,Derrek Lee,L,R,N
leekh01,666137,Khalil Lee,L,L,Y
leitema02,643410,Mark Leiter,R,R,Y
lemahdj01,518934,DJ LeMahieu,R,R,Y
leonedo01,608678,Dominic Leone,R,R,Y
leonsa01,506702,Sandy Leon,B,R,Y
lerouch01,460092,Chris Leroux,L,R,N
lestejo01,452657,Jon Lester,L,L,Y
lewisco01,407890,Colby Lewis,R,R,N
lewisfr02,430930,Fred Lewis,L,R,N
lewisky01,641786,Kyle Lewis,R,R,Y
lewisro02,668904,Royce Lewis,R,R,Y
leybado01,642736,Domingo Leyba,B,R,Y
liddial01,499926,Alex Liddi,R,R,Y
lidgebr01,400058,Brad Lidge,R,R,N
lillibr01,452121,Brent Lillibridge,R,R,N
lillyte01,150404,Ted Lilly,L,L,N
linceti01,453311,Tim Lincecum,L,R,N
lincobr01,453184,Brad Lincoln,L,R,Y
lindad01,452252,Adam Lind,L,L,N
lindbjo01,458676,Josh Lindblom,R,R,Y
lindofr01,596019,Francisco Lindor,B,R,Y
lindsma01,434637,Matt Lindstrom,R,R,N
lintz02,624407,Tzu-Wei Lin,L,R,Y
liriafr01,434538,Francisco Liriano,L,L,N
liriary01,542642,Rymer Liriano,R,R,Y
litteza01,641793,Zack Littell,R,R,Y
livelbe01,594902,Ben Lively,R,R,Y
loaisjo01,642528,Jonathan Loaisiga,R,R,Y
lobatjo01,446653,Jose Lobaton,B,R,N
lobstky01,543456,Kyle Lobstein,L,L,Y
locasti01,641796,Tim Locastro,R,R,Y
lockeje01,502046,Jeff Locke,L,L,Y
lodolni01,666157,Nick Lodolo,L,L,Y
loeka01,434180,Kameron Loe,R,R,N
loganbo02,457429,Boone Logan,R,L,N
lohseky01,346798,Kyle Lohse,R,R,N
lombast02,543459,Steve Lombardozzi,B,R,Y
loneyja01,425766,James Loney,L,L,N
longoev01,446334,Evan Longoria,R,R,Y
longsh01,643418,Shed Long,L,R,Y
lopesti01,621005,Tim Lopes,R,R,Y
lopezfe01,150479,Felipe Lopez,B,R,N
lopezja02,425657,Javier Lopez,L,L,N
lopezjo01,430946,Jose Lopez,R,R,N
lopezjo02,605347,Jorge Lopez,R,R,Y
lopezni01,670032,Nicky Lopez,L,R,Y
lopezpa01,641154,Pablo Lopez,L,R,Y
lopezra02,607257,Raffy Lopez,L,R,Y
lopezre01,625643,Reynaldo Lopez,R,R,Y
lopezwi01,446641,Wilton Lopez,R,R,N
lopezyo01,661255,Yoan Lopez,R,R,Y
lorenmi01,547179,Michael Lorenzen,R,R,Y
loughda01,518953,David Lough,L,L,Y
loupaa01,571901,Aaron Loup,L,L,Y
lowebr01,664040,Brandon Lowe,L,R,Y
lowede01,117955,Derek Lowe,R,R,N
lowejo01,666139,Josh Lowe,L,R,Y
lowema01,450275,Mark Lowe,L,R,N
lowena01,663993,Nathaniel Lowe,L,R,Y
lowrije01,476704,Jed Lowrie,B,R,N
lucchjo01,664192,Joey Lucchesi,L,L,Y
luciael01,672773,Elvis Luciano,R,R,Y
lucrojo01,518960,Jonathan Lucroy,R,R,Y
ludwiry01,407886,Ryan Ludwick,R,L,N
luebkco01,458537,Cory Luebke,R,L,N
luetglu01,476595,Lucas Luetge,L,L,Y
lugoda01,608475,Dawel Lugo,R,R,Y
lugose01,607625,Seth Lugo,R,R,Y
luplojo01,656669,Jordan Luplow,R,R,Y
lutzdo01,544371,Donald Lutz,L,R,Y
lutzza01,518963,Zach Lutz,R,R,Y
luxga01,666158,Gavin Lux,L,R,Y
luzarje01,666200,Jesus Luzardo,L,L,Y
lylesjo01,543475,Jordan Lyles,R,R,Y
lynchda02,663738,Daniel Lynch,L,L,Y
lynnla01,458681,Lance Lynn,R,R,Y
lyonbr01,407193,Brandon Lyon,R,R,N
lyonsty01,544928,Tyler Lyons,B,L,Y
machadi01,553988,Dixon Machado,R,R,Y
machama01,592518,Manny Machado,R,R,Y
machije01,466948,Jean Machi,R,R,N
machivi01,605353,Vimael Machin,L,R,Y
madrini01,663611,Nick Madrigal,R,R,Y
madsory01,425492,Ryan Madson,L,R,N
maedake01,628317,Kenta Maeda,R,R,Y
magilma01,543483,Matt Magill,R,R,Y
mahlety01,641816,Tyler Mahle,R,R,Y
maholpa01,430904,Paul Maholm,L,L,N
mahtomi01,543484,Mikie Mahtook,R,R,Y
maiermi01,430574,Mitch Maier,L,R,N
mailelu01,571912,Luke Maile,R,R,Y
mainejo01,429720,John Maine,R,R,N
mainesc01,453186,Scott Maine,L,L,Y
maitake01,670867,Kevin Maitan,B,R,Y
maldoma01,455117,Martin Maldonado,R,R,Y
manaese01,640455,Sean Manaea,L,L,Y
mancitr01,641820,Trey Mancini,R,R,Y
manesse01,595307,Seth Maness,R,R,Y
mannima01,666159,Matt Manning,R,R,Y
marcush01,451788,Shaun Marcum,R,R,N
margeni01,676606,Nick Margevicius,L,L,Y
margoma01,622534,Manuel Margot,R,R,Y
marisja01,545350,Jake Marisnick,R,R,Y
markani01,455976,Nick Markakis,L,L,Y
marmoca01,461791,Carlos Marmol,R,R,N
marmojo01,592530,Jose Marmolejos,L,L,Y
maronni01,543488,Nick Maronde,B,L,Y
marquge01,608566,German Marquez,R,R,Y
marquja01,150302,Jason Marquis,L,R,N
marrech01,502029,Chris Marrero,R,R,Y
marrede01,571918,Deven Marrero,R,R,Y
marshbr02,669016,Brandon Marsh,L,R,Y
marshev01,605359,Evan Marshall,R,R,Y
marshse01,445156,Sean Marshall,L,L,N
marsolo01,453974,Lou Marson,R,R,Y
martefr01,642564,Francis Martes,R,R,Y
marteje01,527043,Jefry Marte,R,R,Y
marteke01,606466,Ketel Marte,B,R,Y
martelu01,501687,Luis Marte,R,R,Y
martest01,516782,Starling Marte,R,R,Y
martevi01,469690,Victor Marte,R,R,N
martiau01,668885,Austin Martin,R,R,Y
martibr01,656685,Brett Martin,L,L,Y
martica04,593372,Carlos Martinez,R,R,Y
martich02,455119,Chris Martin,R,R,Y
martico01,592533,Cody Martin,R,R,Y
martico02,656686,Corbin Martin,R,R,Y
marticr01,450852,Cristhian Martinez,R,R,N
martife02,494686,Fernando Martinez,L,R,Y
martija03,641829,Jason Martin,L,R,Y
martijd02,502110,J.D. Martinez,R,R,Y
martijo08,500874,Jose Martinez,R,R,Y
martile01,547982,Leonys Martin,L,R,Y
martilu02,446208,Luis Martinez,R,R,Y
martimi02,492841,Michael Martinez,B,R,N
martini01,607259,Nick Martinez,L,R,Y
martini02,605361,Nick Martini,L,L,Y
martiri01,621006,Richie Martin,R,R,Y
martiru01,431145,Russell Martin,R,R,Y
martivi01,400121,Victor Martinez,B,R,N
masseni01,434665,Nick Masset,R,R,N
masteju01,475416,Justin Masterson,R,R,Y
mastrda01,518991,Darin Mastroianni,R,R,Y
mateojo01,622761,Jorge Mateo,R,R,Y
mathejo02,458628,Joe Mather,R,R,N
mathije01,425772,Jeff Mathis,R,R,Y
mathiwy01,621500,Wyatt Mathisen,R,R,Y
matonph01,664208,Phil Maton,R,R,Y
matsuda01,493137,Daisuke Matsuzaka,R,R,N
matsuhi01,425686,Hideki Matsui,L,R,N
matsuka01,430565,Kazuo Matsui,B,R,N
matthry01,458919,Ryan Mattheus,R,R,N
matusbr01,451085,Brian Matusz,L,L,Y
matzety01,554431,Tyler Matzek,L,L,Y
matzst01,571927,Steven Matz,R,L,Y
mauerjo01,408045,Joe Mauer,L,R,N
maurebr01,543506,Brandon Maurer,R,R,Y
maxwebr01,622194,Bruce Maxwell,L,R,Y
maxweju01,452239,Justin Maxwell,R,R,N
maybejo02,460055,John Mayberry,R,R,N
maybica01,457727,Cameron Maybin,R,R,Y
maydu01,669160,Dustin May,R,R,Y
mayermi01,594577,Mike Mayers,R,R,Y
mayfija01,608686,Jack Mayfield,R,R,Y
mayja02,594576,Jacob May,B,R,Y
maysoed01,446474,Edwin Maysonet,R,R,N
maytr01,543507,Trevor May,R,R,Y
mayzati01,641835,Tim Mayza,L,L,Y
mazarno01,608577,Nomar Mazara,L,L,Y
mcallza01,502083,Zach McAllister,R,R,Y
mcbrima01,473724,Matt McBride,L,L,N
mcbrory01,643436,Ryan McBroom,R,L,Y
mccanbr01,435263,Brian McCann,L,R,N
mccanja01,543510,James McCann,R,R,Y
mccarbr01,435221,Brandon McCarthy,R,R,N
mccarke01,641838,Kevin McCarthy,R,R,Y
mcclash01,663556,Shane McClanahan,L,L,Y
mccleky01,449072,Kyle McClellan,R,R,Y
mcclemi01,501873,Mike McClendon,R,R,Y
mccoymi01,453454,Mike McCoy,R,R,N
mcculla02,621121,Lance McCullers,L,R,Y
mccutan01,457705,Andrew McCutchen,R,R,Y
mcdonda02,150021,Darnell McDonald,R,R,N
mcdonja03,457428,James McDonald,L,R,N
mcdonjo03,150348,John McDonald,R,R,N
mcfartj01,519008,T.J. McFarland,L,L,Y
mcgeeja01,459429,Jake McGee,L,L,Y
mcgehca01,431171,Casey McGehee,R,R,N
mcgowdu01,430661,Dustin McGowan,R,R,N
mcguich01,573027,Chris McGuiness,L,L,Y
mcguire01,624512,Reese McGuire,L,R,Y
mchugco01,543521,Collin McHugh,R,R,Y
mckaybr01,656713,Brendan McKay,L,L,Y
mckenmi01,502374,Michael McKenry,R,R,Y
mckentr01,663474,Triston McKenzie,R,R,Y
mckinbi01,641856,Billy McKinney,L,L,Y
mclouna01,434661,Nate McLouth,L,R,N
mcmahry01,641857,Ryan McMahon,L,R,Y
mcneije01,643446,Jeff McNeil,L,R,Y
mcpheky01,519015,Kyle McPherson,R,R,Y
meadoau01,640457,Austin Meadows,L,L,Y
meansjo01,607644,John Means,L,L,Y
mechegi01,219194,Gil Meche,R,R,N
medicto01,523265,Tommy Medica,R,R,Y
medinad01,658431,Adonis Medina,R,R,Y
medinyo01,500721,Yoervis Medina,R,R,Y
medlekr01,450665,Kris Medlen,B,R,Y
meekev01,457425,Evan Meek,R,R,N
mejiaad01,606167,Adalberto Mejia,L,L,Y
mejiaer01,448171,Ernesto Mejia,R,R,Y
mejiafr01,642336,Francisco Mejia,B,R,Y
mejiaje01,516769,Jenrry Mejia,R,R,Y
mejiase01,623180,Seth Mejias-Brean,R,R,Y
melanma01,453343,Mark Melancon,R,R,Y
melviti01,543532,Tim Melville,R,R,Y
mendeyo01,622795,Yohander Mendez,L,L,Y
mendida01,664901,Danny Mendick,R,R,Y
mendolu01,434669,Luis Mendoza,R,R,N
mengdda01,596043,Daniel Mengden,R,R,Y
mercaos01,640458,Oscar Mercado,R,R,Y
mercejo03,474568,Jordy Mercer,R,R,Y
merchje01,462810,Jesus Merchan,R,R,N
merriry01,607320,Ryan Merritt,L,L,Y
merriwh01,593160,Whit Merrifield,R,R,Y
mesame01,444859,Melky Mesa,R,R,Y
mesavi01,673516,Victor Victor Mesa,R,R,Y
mesorde01,519023,Devin Mesoraco,R,R,Y
meyeral01,543542,Alex Meyer,R,R,N
middlke01,641871,Keynan Middleton,R,R,Y
middlwi01,519025,Will Middlebrooks,R,R,N
mijarjo01,467726,Jose Mijares,L,L,N
mikolmi01,571945,Miles Mikolas,R,R,Y
milesaa01,425446,Aaron Miles,B,R,N
mileywa01,489119,Wade Miley,L,L,Y
millean01,453192,Andrew Miller,L,L,Y
millebr02,543543,Brad Miller,L,R,Y
milleja05,656744,Jared Miller,L,L,Y
milleji02,461848,Jim Miller,R,R,N
milleju02,502522,Justin Miller,R,R,Y
millela02,451186,Lastings Milledge,L,L,N
milleow01,680911,Owen Miller,R,R,Y
millesh01,571946,Shelby Miller,R,R,Y
millsal02,621219,Alec Mills,R,R,Y
millsbr02,502166,Brad Mills,R,L,Y
millwke01,119154,Kevin Millwood,R,R,N
milonto01,543548,Tommy Milone,L,L,Y
minayju01,573668,Juan Minaya,R,R,Y
minormi01,501985,Mike Minor,R,L,Y
minteaj01,621345,A.J. Minter,L,L,Y
miranar01,664641,Ariel Miranda,L,L,Y
mitchbr01,571951,Bryan Mitchell,L,R,Y
mitchdj01,543551,D.J. Mitchell,R,R,Y
mizeca01,663554,Casey Mize,R,R,Y
molinjo01,150040,Jose Molina,R,R,N
molinya01,425877,Yadier Molina,R,R,Y
moncayo01,660162,Yoan Moncada,B,R,Y
mondera02,609275,Adalberto Mondesi,B,R,Y
moniami01,666160,Mickey Moniak,L,R,Y
montafr02,593423,Frankie Montas,R,R,Y
monteje01,524968,Jesus Montero,R,R,Y
montemi01,471083,Miguel Montero,L,R,N
montera01,606160,Rafael Montero,R,R,Y
montgjo01,656756,Jordan Montgomery,L,L,Y
montgmi01,543557,Mike Montgomery,L,L,Y
mooread01,446192,Adam Moore,R,R,N
moorean02,621058,Andrew Moore,R,R,Y
mooredy01,664238,Dylan Moore,R,R,Y
moorema02,519043,Matt Moore,L,L,Y
mooresc02,445599,Scott Moore,L,R,N
moorety01,489138,Tyler Moore,R,R,Y
moralfr01,462985,Franklin Morales,L,L,Y
moralke01,434778,Kendrys Morales,B,R,N
morame01,206551,Melvin Mora,R,R,N
moranco01,592567,Colin Moran,L,R,Y
morejad01,670970,Adrian Morejon,L,L,Y
morelbr01,543569,Brent Morel,R,R,Y
morelmi01,519048,Mitch Moreland,L,L,Y
morgaad01,605388,Adam Morgan,L,L,Y
morgany01,460579,Nyjer Morgan,L,L,N
morimsh01,596049,Shawn Morimando,L,L,Y
morinmi01,573046,Mike Morin,R,R,Y
morneju01,408047,Justin Morneau,L,R,N
morofma01,621559,Max Moroff,B,R,Y
moronre01,606625,Reyes Moronta,R,R,Y
morribr01,457768,Bryan Morris,L,R,Y
morrilo01,489149,Logan Morrison,L,L,Y
morrobr01,453344,Brandon Morrow,R,R,Y
morsemi01,434604,Michael Morse,R,R,N
mortoch02,450203,Charlie Morton,R,R,Y
moscogu01,446861,Guillermo Moscoso,R,R,N
moseldu01,400291,Dustin Moseley,R,R,N
mossbr01,461235,Brandon Moss,L,R,N
motagu01,150407,Guillermo Mota,R,R,N
motteja01,435400,Jason Motte,R,R,N
motteta01,600301,Taylor Motter,R,R,Y
mountry01,663624,Ryan Mountcastle,R,R,Y
moustmi01,519058,Mike Moustakas,L,R,Y
moyaga01,622382,Gabriel Moya,L,L,Y
moyast01,570615,Steven Moya,L,R,Y
moylape01,493247,Peter Moylan,R,R,N
mujiced01,465629,Edward Mujica,R,R,N
mullice01,656775,Cedric Mullins,B,L,Y
muncyma01,571970,Max Muncy,L,R,Y
munozan01,662253,Andres Munoz,R,R,Y
munozya01,622168,Yairo Munoz,R,R,Y
murphda07,461815,David Murphy,L,L,N
murphda08,502517,Daniel Murphy,L,R,Y
murphjr01,571974,John Ryan Murphy,R,R,Y
murphse01,669221,Sean Murphy,R,R,Y
murphto04,608596,Tom Murphy,R,R,Y
musgrjo01,605397,Joe Musgrove,R,R,Y
mustero01,608589,Ronnier Mustelier,R,R,N
myersbr01,408206,Brett Myers,R,R,N
myerswi01,571976,Wil Myers,R,R,Y
nadyxa01,294558,Xavier Nady,R,R,N
nakajhi01,493141,Hiroyuki Nakajima,R,R,N
napolmi01,435063,Mike Napoli,R,R,N
naquity01,571980,Tyler Naquin,L,R,Y
narvaom01,553882,Omar Narvaez,L,R,Y
narvech01,429780,Chris Narveson,L,L,N
nathajo01,150274,Joe Nathan,R,R,N
navada01,537953,Daniel Nava,B,L,N
navardi01,425900,Dioner Navarro,B,R,N
navaref01,519068,Efren Navarro,L,L,Y
naylojo01,647304,Josh Naylor,L,L,Y
nealth01,489166,Thomas Neal,R,R,Y
negrokr01,502117,Kristopher Negron,R,R,Y
neideni01,663734,Nick Neidert,R,R,Y
nelsoch01,455126,Chris Nelson,R,R,Y
nelsoji02,519076,Jimmy Nelson,R,R,Y
nerishe01,593576,Hector Neris,R,R,Y
neshepa01,450212,Pat Neshek,B,R,N
neusesh01,641914,Sheldon Neuse,R,R,Y
neverdo01,596720,Dovydas Neverauskas,R,R,Y
newbeja01,623470,Jake Newberry,R,R,Y
newcose01,656794,Sean Newcomb,L,L,Y
newmake01,621028,Kevin Newman,R,R,Y
ngoepgi01,547912,Gift Ngoepe,R,R,Y
nicasju01,504379,Juan Nicasio,R,R,Y
nickemi01,435081,Mike Nickeas,R,R,N
nicolju01,592593,Justin Nicolino,L,L,Y
nidoto01,621512,Tomas Nido,R,R,Y
niemaje01,435298,Jeff Niemann,R,R,N
niesejo01,477003,Jon Niese,L,L,N
nieuwki01,543590,Kirk Nieuwenhuis,L,R,N
nievewi01,408242,Wil Nieves,R,R,N
nimmobr01,607043,Brandon Nimmo,L,R,Y
nishits01,457292,Tsuyoshi Nishioka,B,R,N
nixja01,434624,Jayson Nix,R,R,N
nixja02,656798,Jacob Nix,R,R,Y
nixla01,425556,Laynce Nix,L,L,N
noesihe01,456051,Hector Noesi,R,R,Y
nolaaa01,605400,Aaron Nola,R,R,Y
nolaau01,543592,Austin Nola,R,R,Y
nolasri01,445060,Ricky Nolasco,R,R,N
nolinse01,543594,Sean Nolin,L,L,Y
norbejo01,467099,Jordan Norberto,L,L,Y
norribu01,502032,Bud Norris,R,R,Y
norrida01,596057,Daniel Norris,L,L,Y
norride01,519083,Derek Norris,R,R,Y
nottija01,641924,Jacob Nottingham,R,R,Y
novaiv01,467100,Ivan Nova,R,R,Y
nunezdo01,624513,Dom Nunez,L,R,Y
nunezed02,456488,Eduardo Nunez,R,R,Y
nunezre01,600524,Renato Nunez,R,R,Y
nunovi01,573064,Vidal Nuno,L,L,Y
obergsc01,623184,Scott Oberg,R,R,Y
oberhbr01,519085,Brett Oberholtzer,L,L,Y
obriepe01,598284,Peter O'Brien,R,R,Y
odayda01,503285,Darren O'Day,R,R,Y
odorija01,543606,Jake Odorizzi,R,R,Y
odorro01,596059,Rougned Odor,L,R,Y
oflaher01,447714,Eric O'Flaherty,L,L,Y
ogandal01,468396,Alexi Ogando,R,R,N
ogradbr01,657434,Brian O'Grady,L,R,Y
ogradch01,622217,Chris O'Grady,R,L,Y
ohearry01,656811,Ryan O'Hearn,L,L,Y
ohse01,493200,Seung-hwan Oh,R,R,Y
ohtansh01,660271,Shohei Ohtani,L,R,Y
ohtansh01p,660271,Shohei Ohtani,L,R,Y
okertst01,595345,Steven Okert,L,L,Y
olivaed02,658668,Edward Olivares,R,R,Y
olivaja01,666931,Jared Oliva,R,R,Y
oliveda02,119984,Darren Oliver,R,L,N
olivehe01,493343,Hector Olivera,R,R,Y
olivele01,500902,Lester Oliveros,R,R,Y
olivomi01,400018,Miguel Olivo,R,R,N
olsonma02,621566,Matt Olson,L,R,Y
olsonty01,621397,Tyler Olson,R,L,Y
oltmi01,592609,Mike Olt,R,R,Y
omallsh01,502523,Shawn O'Malley,B,R,Y
ondrulo01,446185,Logan Ondrusek,R,R,Y
oneilty01,641933,Tyler O'Neill,R,R,Y
ordonmi01,120044,Magglio Ordonez,R,R,N
orlanpa01,449181,Paulo Orlando,R,R,Y
orrpe01,434681,Pete Orr,L,R,N
ortegra01,542364,Rafael Ortega,L,R,Y
ortizda01,120074,David Ortiz,L,L,N
ortizlu02,656814,Luis Ortiz,R,R,Y
osichjo01,592612,Josh Osich,L,L,Y
osunajo01,591741,Jose Osuna,R,R,Y
osunaro01,532077,Roberto Osuna,R,R,Y
oswalco01,621261,Corey Oswalt,R,R,Y
oswalro01,400061,Roy Oswalt,R,R,N
oteroda01,519096,Dan Otero,R,R,Y
ottavad01,493603,Adam Ottavino,B,R,Y
outmajo01,489189,Josh Outman,L,L,N
overbly01,407489,Lyle Overbay,L,L,N
overtdi01,592614,Dillon Overton,L,L,Y
oviedjo01,670912,Johan Oviedo,R,R,Y
oviedju01,434663,Juan Carlos Oviedo,R,R,N
owenshe02,596064,Henry Owens,L,L,Y
owingch01,572008,Chris Owings,R,R,Y
owingmi01,452249,Micah Owings,R,R,N
ozunama01,542303,Marcell Ozuna,R,R,Y
pachecr01,665506,Cristian Pache,R,R,Y
pachejo01,457574,Jordan Pacheco,R,R,Y
paddach01,663978,Chris Paddack,R,R,Y
padilvi01,218894,Vicente Padilla,R,R,N
paganan01,434636,Angel Pagan,B,R,N
paganem01,641941,Emilio Pagan,L,R,Y
palkada01,594953,Daniel Palka,L,L,Y
palumjo01,643478,Joe Palumbo,L,L,Y
panikjo01,605412,Joe Panik,L,R,Y
pannoth01,623381,Thomas Pannone,L,L,Y
papeljo01,449097,Jonathan Papelbon,R,R,N
pareden01,660600,Enoli Paredes,R,R,Y
paredis01,670623,Isaac Paredes,R,R,Y
paredji01,517370,Jimmy Paredes,B,R,Y
parkby01,666560,Byung-ho Park,R,R,Y
parkebl01,453284,Blake Parker,R,R,Y
parkeja02,519105,Jarrod Parker,R,R,Y
parkeja03,592620,Jarrett Parker,L,L,Y
parkeky01,592621,Kyle Parker,R,R,Y
parmech01,476633,Chris Parmelee,L,L,Y
parnebo01,458730,Bobby Parnell,R,R,N
parrage01,467827,Gerardo Parra,L,L,Y
parrama01,448159,Manny Parra,L,L,N
parsowe01,641149,Wes Parsons,R,R,Y
pastoty01,543629,Tyler Pastornicky,R,R,Y
patinlu01,672715,Luis Patino,R,R,Y
patteco01,279913,Corey Patterson,L,R,N
pattotr01,461856,Troy Patton,B,L,Y
pauleda01,456102,David Pauley,R,R,N
paulida01,600944,David Paulino,R,R,Y
paulido01,609267,Dorssys Paulino,R,R,Y
paulife01,462956,Felipe Paulino,R,R,N
pauliro01,425661,Ronny Paulino,R,R,N
paulsbe01,572019,Ben Paulsen,L,R,Y
paulxa01,449082,Xavier Paul,L,R,Y
pavanca01,134321,Carl Pavano,R,R,N
paxtoja01,572020,James Paxton,L,L,Y
paytoma01,592622,Mark Payton,L,L,Y
pazosja01,572021,James Pazos,R,L,Y
peacobr01,502748,Brad Peacock,R,R,Y
pearcst01,456665,Steve Pearce,R,R,N
pearsna01,663878,Nate Pearson,R,R,Y
peavyja01,408241,Jake Peavy,R,R,N
pederjo01,592626,Joc Pederson,L,L,Y
pedrodu01,456030,Dustin Pedroia,R,R,N
pegueca01,451713,Carlos Peguero,L,L,Y
peguefr01,501317,Francisco Peguero,R,R,Y
pelfrmi01,460059,Mike Pelfrey,R,R,N
penabr01,430910,Brayan Pena,B,R,N
penaca01,150289,Carlos Pena,L,L,N
penafe01,570240,Felix Pena,R,R,Y
penafr01,506747,Francisco Pena,R,R,Y
penara02,455369,Ramiro Pena,B,R,Y
pencehu01,452254,Hunter Pence,R,R,Y
pennicl01,460060,Cliff Pennington,B,R,N
pennybr01,207267,Brad Penny,R,R,N
peralda01,444482,David Peralta,L,L,Y
peralfr01,642547,Freddy Peralta,R,R,Y
peraljh01,425509,Jhonny Peralta,R,R,N
peraljo01,407908,Joel Peralta,R,R,N
peralwa01,593974,Wandy Peralta,L,L,Y
peralwi01,503449,Wily Peralta,R,R,Y
perazjo01,606299,Jose Peraza,R,R,Y
perdolu01,466412,Luis Perdomo,R,R,Y
perdolu02,606131,Luis Perdomo,R,R,Y
perezca02,542208,Carlos Perez,R,R,Y
perezch01,453198,Chris Perez,R,R,Y
perezci01,672335,Cionel Perez,L,L,Y
perezde01,666206,Delvin Perez,R,R,Y
perezeu01,516811,Eury Perez,R,R,Y
perezfr01,658530,Franklin Perez,R,R,Y
perezhe01,541650,Hernan Perez,R,R,Y
perezju01,448722,Juan Perez,R,L,N
perezlu01,469802,Luis Perez,L,L,Y
perezma02,527048,Martin Perez,L,L,Y
perezmi03,605421,Michael Perez,L,R,Y
perezol01,424144,Oliver Perez,L,L,Y
perezro02,547379,Roberto Perez,R,R,Y
perezsa02,521692,Salvador Perez,R,R,Y
perezwi01,554234,Williams Perez,R,R,Y
perkica01,573088,Cameron Perkins,R,R,Y
perkigl01,450282,Glen Perkins,L,L,N
pestavi01,502260,Vinnie Pestano,R,R,Y
peterbr01,519128,Bryan Petersen,L,R,Y
peterda01,656849,David Peterson,L,L,Y
peterdi01,596071,Dillon Peters,L,L,Y
peterdj01,592637,D.J. Peterson,R,R,Y
peterdu01,640460,Dustin Peterson,R,R,Y
peterja01,607054,Jace Peterson,L,R,Y
petersh01,451089,Shane Peterson,L,L,Y
petitgr01,463610,Gregorio Petit,R,R,N
petityu01,433589,Yusmeiro Petit,R,R,Y
petrija01,502593,Jake Petricka,R,R,Y
pettian01,120485,Andy Pettitte,L,L,N
pettijo01,543643,Jonathan Pettibone,R,R,Y
phamth01,502054,Tommy Pham,R,R,Y
phegljo01,572033,Josh Phegley,R,R,Y
phelpco01,543647,Cord Phelps,B,R,Y
phelpda01,475479,David Phelps,R,R,Y
phillbr01,408252,Brandon Phillips,R,R,N
phillbr02,621433,Brett Phillips,L,R,Y
phippde01,464426,Denis Phipps,R,R,Y
piefe01,429712,Felix Pie,L,L,N
pierrju01,334393,Juan Pierre,L,L,N
pierza.01,150229,A.J. Pierzynski,L,R,N
pillake01,607680,Kevin Pillar,R,R,Y
pillbr01,489209,Brett Pill,R,R,N
pinama01,444489,Manny Pina,R,R,Y
pindech01,640461,Chad Pinder,R,R,Y
pinedmi01,501381,Michael Pineda,R,R,Y
pineijo01,334492,Joel Pineiro,R,R,N
pintojo01,500887,Josmil Pinto,R,R,Y
pintri01,666207,Riley Pint,R,R,Y
pireljo01,517369,Jose Pirela,R,R,Y
piscost01,572039,Stephen Piscotty,R,R,Y
pivetni01,601713,Nick Pivetta,R,R,Y
plaweke01,608700,Kevin Plawecki,R,R,Y
plesaza01,668676,Zach Plesac,R,R,Y
plouftr01,461858,Trevor Plouffe,R,R,Y
plutkad01,592644,Adam Plutko,R,R,Y
pocheco01,621363,Colin Poche,L,L,Y
podsesc01,325392,Scott Podsednik,L,L,N
polangr01,570256,Gregory Polanco,L,L,Y
polanjo01,593871,Jorge Polanco,B,R,Y
polanpl01,135784,Placido Polanco,R,R,N
polloaj01,572041,A.J. Pollock,R,R,Y
pomerdr01,519141,Drew Pomeranz,R,L,Y
pomerst01,456421,Stuart Pomeranz,R,R,Y
pompeda01,592647,Dalton Pompey,B,R,Y
ponceda01,594965,Daniel Poncedeleon,R,R,Y
porceri01,519144,Rick Porcello,R,R,Y
posadjo01,120691,Jorge Posada,B,R,N
poseybu01,457763,Buster Posey,R,R,Y
poundbr01,572044,Brooks Pounders,R,R,Y
powelbo02,621471,Boog Powell,L,L,Y
pradoma01,445988,Martin Prado,R,R,N
preslal01,502100,Alex Presley,L,L,Y
pressry01,519151,Ryan Pressly,R,R,Y
priceda01,456034,David Price,L,L,Y
pridija01,445095,Jason Pridie,L,R,N
princjo01,572389,Josh Prince,R,R,Y
profaju01,595777,Jurickson Profar,B,R,Y
pruitau01,643493,Austin Pruitt,R,R,Y
pryorst01,543668,Stephen Pryor,R,R,Y
puellce01,527049,Cesar Puello,R,R,Y
puigya01,624577,Yasiel Puig,R,R,Y
pujolal01,405395,Albert Pujols,R,R,Y
pukaj01,640462,A.J. Puk,L,L,Y
puntoni01,346857,Nick Punto,B,R,N
putnaza01,474029,Zach Putnam,R,R,Y
putzjj01,407816,J.J. Putz,R,R,N
quackke01,534812,Kevin Quackenbush,R,R,Y
quallch01,430589,Chad Qualls,R,R,N
quantca01,615698,Cal Quantrill,L,R,Y
quentca01,435041,Carlos Quentin,R,R,N
quinnro01,596451,Roman Quinn,B,R,Y
quinthu01,279827,Humberto Quintero,R,R,N
quintjo01,500779,Jose Quintana,R,L,Y
quintom01,435560,Omar Quintanilla,L,R,N
raburry01,430605,Ryan Raburn,R,R,N
raineta01,663432,Tanner Rainey,R,R,Y
raleica01,663728,Cal Raleigh,B,R,Y
ramiral03,493351,Alexei Ramirez,R,R,N
ramirar01,133380,Aramis Ramirez,R,R,N
ramirel02,468517,Elvin Ramirez,R,R,Y
ramirer02,541640,Erasmo Ramirez,R,R,Y
ramirha01,434670,Hanley Ramirez,R,R,N
ramirha02,623912,Harold Ramirez,R,R,Y
ramirjc01,500724,JC Ramirez,R,R,Y
ramirjo01,608070,Jose Ramirez,B,R,Y
ramirjo02,542432,Jose Ramirez,R,R,Y
ramirma02,120903,Manny Ramirez,R,R,N
ramirne01,519166,Neil Ramirez,R,R,Y
ramirni01,598286,Nick Ramirez,L,L,Y
ramirno01,598287,Noe Ramirez,R,R,Y
ramirra02,430673,Ramon Ramirez,R,R,N
ramirye01,606162,Yefry Ramirez,R,R,Y
ramiryo01,670990,Yohan Ramirez,R,R,Y
ramosaj01,573109,A.J. Ramos,R,R,Y
ramosce01,459987,Cesar Ramos,L,L,N
ramosed02,591693,Edubray Ramos,R,R,Y
ramoswi01,467092,Wilson Ramos,R,R,Y
rapadcl01,449060,Clay Rapada,R,L,N
rasmuco01,458675,Colby Rasmus,L,L,N
rasmuco02,474284,Cory Rasmus,R,R,Y
rasmudr01,656876,Drew Rasmussen,R,R,Y
rauchjo01,400010,Jon Rauch,R,R,N
ravelra01,592660,Rangel Ravelo,R,R,Y
ravenad01,605435,,R,R,Y
ravinjo01,502051,Josh Ravin,R,R,Y
rayco01,641999,Corey Ray,L,L,Y
rayro02,592662,Robbie Ray,L,L,Y
reaco01,607067,Colin Rea,R,R,Y
realmjt01,592663,J.T. Realmuto,R,R,Y
reckean01,489232,Anthony Recker,R,R,N
reddijo01,502210,Josh Reddick,L,R,Y
redmoto01,445170,Todd Redmond,R,R,Y
reedad01,592665,Addison Reed,L,R,Y
reedaj01,607223,A.J. Reed,L,L,Y
reedco01,642003,Cody Reed,R,L,Y
reedmi01,605439,Michael Reed,R,R,Y
refsnro01,608701,Rob Refsnyder,R,R,Y
reidfse01,656887,Sean Reid-Foley,R,R,Y
reimono01,460099,Nolan Reimold,R,R,N
rendoan01,543685,Anthony Rendon,R,R,Y
renfrhu01,592669,Hunter Renfroe,R,R,Y
rengilu01,650859,Luis Rengifo,B,R,Y
resopch01,434592,Chris Resop,R,R,N
reverbe01,519184,Ben Revere,L,R,Y
reyesal01,621052,Alex Reyes,R,R,Y
reyesfr01,614177,Franmil Reyes,R,R,Y
reyesjo01,408314,Jose Reyes,B,R,N
reyesjo04,655997,Jomar Reyes,R,R,Y
reyespa01,622569,Pablo Reyes,R,R,Y
reyesvi01,622682,Victor Reyes,B,R,Y
reynobr01,668804,Bryan Reynolds,B,R,Y
reynoma01,448602,Mark Reynolds,R,R,N
reynoma02,519186,Matt Reynolds,L,L,N
reynoma03,608703,Matt Reynolds,R,R,Y
rhodear01,121125,Arthur Rhodes,L,L,N
rhymewi01,489242,Will Rhymes,L,R,N
richacl01,453385,Clayton Richard,L,L,N
richaga01,572070,Garrett Richards,R,R,Y
richatr01,670950,Trevor Richards,R,R,Y
richmsc01,446341,Scott Richmond,R,R,N
rickajo01,572073,Joey Rickard,R,L,Y
riddljt01,595375,J.T. Riddle,L,R,Y
rienzan01,516589,Andre Rienzo,R,R,Y
rileyau01,663586,Austin Riley,R,R,Y
riosal01,425567,Alex Rios,R,R,N
riosed01,621458,Edwin Rios,L,R,Y
riverfe01,553878,Felipe Vazquez,L,L,Y
riverju01,407487,Juan Rivera,R,R,N
riverma01,121250,Mariano Rivera,R,R,N
riverre01,425784,Rene Rivera,R,R,Y
rivertj01,608061,T.J. Rivera,R,R,Y
riverya01,592680,Yadiel Rivera,R,R,Y
rizzoan01,519203,Anthony Rizzo,L,L,Y
roarkta01,543699,Tanner Roark,R,R,Y
roberbr01,406878,Brian Roberts,B,R,N
roberda08,502085,David Robertson,R,R,Y
roberda09,543706,Daniel Robertson,R,R,Y
roberda10,621002,Daniel Robertson,R,R,Y
roberlu01,673357,Luis Robert,R,R,Y
roberry01,440251,Ryan Roberts,R,R,N
roberty01,502356,Tyler Robertson,L,L,Y
robincl01,519208,Clint Robinson,L,L,Y
robindr01,592685,Drew Robinson,L,R,Y
robinkr01,677565,Kristian Robinson,R,R,Y
robinsh01,453203,Shane Robinson,R,R,N
robintr01,477054,Trayvon Robinson,B,R,Y
robleha01,570663,Hansel Robles,R,R,Y
roblevi01,645302,Victor Robles,R,R,Y
rodgebr02,663898,Brendan Rodgers,R,R,Y
rodgrri05,593144,Richard Rodriguez,R,R,Y
rodnefe01,407845,Fernando Rodney,R,R,Y
rodonca01,607074,Carlos Rodon,L,L,Y
rodrial01,121347,Alex Rodriguez,R,R,N
rodrian01,444553,Aneury Rodriguez,R,R,Y
rodride01,605446,Dereck Rodriguez,R,R,Y
rodried05,593958,Eduardo Rodriguez,L,L,Y
rodrife02,451775,Fernando Rodriguez,R,R,N
rodrifr03,408061,Francisco Rodriguez,R,R,N
rodrihe03,469159,Henry Rodriguez,R,R,Y
rodrihe04,514719,Henry Rodriguez,B,R,Y
rodriiv01,121358,Ivan Rodriguez,R,R,N
rodrije01,622446,Jefry Rodriguez,R,R,Y
rodrijo06,570257,Joely Rodriguez,L,L,Y
rodriju01,677594,Julio Rodriguez,R,R,Y
rodriro03,500135,Ronny Rodriguez,R,R,Y
rodrise01,446481,Sean Rodriguez,R,R,Y
rodrist02,572089,Paco Rodriguez,L,L,Y
rodriwa01,434643,Wandy Rodriguez,R,L,N
roech01,475054,Chaz Roe,R,R,Y
rogeres01,469134,Esmil Rogers,R,R,Y
rogerja02,595386,Jason Rogers,R,R,Y
rogerja03,668670,Jake Rogers,R,R,Y
rogerma01,449161,Mark Rogers,R,R,Y
rogerta01,573124,Taylor Rogers,L,L,Y
rogertr01,669432,Trevor Rogers,L,L,Y
rogerty01,643511,Tyler Rogers,R,R,Y
rojasjo01,668942,Josh Rojas,L,R,Y
rojasmi02,500743,Miguel Rojas,R,R,Y
rolensc01,121409,Scott Rolen,R,R,N
rolliji01,276519,Jimmy Rollins,B,R,N
romanjo03,605447,Jordan Romano,R,R,Y
romansa01,607219,Sal Romano,L,R,Y
romeren01,544836,Enny Romero,R,L,Y
romerfe01,622864,Fernando Romero,R,R,Y
romerri01,460069,Ricky Romero,R,L,N
romerst01,552662,Stefen Romero,R,R,Y
rominan01,461865,Andrew Romine,B,R,Y
rominau01,519222,Austin Romine,R,R,Y
romose01,489265,Sergio Romo,R,R,Y
rondobr01,541652,Bruce Rondon,R,R,Y
rondohe01,444468,Hector Rondon,R,R,Y
rondojo02,602922,Jose Rondon,R,R,Y
rookebr01,667670,Brent Rooker,R,R,Y
rosajo01,407822,Jorge De La Rosa,L,L,N
rosalad01,489267,Adam Rosales,R,R,N
rosaram01,642708,Amed Rosario,R,R,Y
rosared01,592696,Eddie Rosario,L,R,Y
rosarwi01,501647,Wilin Rosario,R,R,Y
rosenda01,572095,Daniel Rosenbaum,R,L,Y
rosentr01,572096,Trevor Rosenthal,R,R,Y
rossco01,425496,Cody Ross,R,L,N
rossda01,424325,David Ross,R,R,N
rossjo01,605452,Joe Ross,R,R,Y
rossro01,543726,Robbie Ross,L,L,Y
rossty01,475115,Tyson Ross,R,R,Y
rowanaa01,400023,Aaron Rowand,R,R,N
rowlary01,434884,Ryan Rowland-Smith,L,L,N
ruary01,607387,Ryan Rua,R,R,Y
rufda01,573131,Darin Ruf,R,R,Y
ruggiju01,448605,Justin Ruggiano,R,R,N
ruizca01,434563,Carlos Ruiz,R,R,N
ruizjo01,614179,Jose Ruiz,R,R,Y
ruizke01,660688,Keibert Ruiz,B,R,Y
ruizri01,547004,Rio Ruiz,L,R,Y
runzlda01,502130,Dan Runzler,L,L,Y
ruppca01,519237,Cameron Rupp,R,R,Y
rusinch01,543734,Chris Rusin,L,L,Y
russead02,608365,Addison Russell,R,R,Y
russeja02,460701,James Russell,L,L,Y
ruthebl01,666164,Blake Rutherford,L,R,Y
rutlejo01,592710,Josh Rutledge,R,R,Y
rutscad01,668939,Adley Rutschman,B,R,Y
ryanbr01,453895,Brendan Ryan,R,R,N
ryanjo04,657746,Joe Ryan,R,R,Y
ryanky01,594986,Kyle Ryan,L,L,Y
ryuhy01,547943,Hyun-Jin-Ryu,R,L,Y
rzepcma01,519240,Marc Rzepczynski,L,L,Y
sabatc.01,282332,CC Sabathia,L,L,N
sadleca02,594987,Casey Sadler,R,R,Y
saitota01,493416,Takashi Saito,L,R,N
saladty01,573135,Tyler Saladino,R,R,Y
salasfe01,477569,Fernando Salas,R,R,Y
salazda01,517593,Danny Salazar,L,R,Y
salech01,519242,Chris Sale,L,L,Y
saltaja01,457454,Jarrod Saltalamacchia,B,R,N
samarje01,502188,Jeff Samardzija,R,R,Y
sampsad01,592716,Adrian Sampson,R,R,Y
sampske01,572102,Keyvius Sampson,R,R,Y
sanabal01,502253,Alex Sanabia,R,R,Y
sanchaa01,592717,Aaron Sanchez,R,R,Y
sanchad01,506703,Adrian Sanchez,R,R,Y
sanchan01,434671,Anibal Sanchez,R,R,Y
sanchca01,570560,Yolmer Sanchez,B,R,Y
sanched01,500674,Eduardo Sanchez,R,R,Y
sanchfr01,408108,Freddy Sanchez,R,R,N
sanchga01,459991,Gaby Sanchez,R,R,N
sanchga02,596142,Gary Sanchez,R,R,Y
sanchhe01,516949,Hector Sanchez,B,R,Y
sanchje02,660821,Jesus Sanchez,L,R,Y
sanchjo01,456043,Jonathan Sanchez,L,L,N
sanchsi01,664350,Sixto Sanchez,R,R,Y
sanchto01,506997,Tony Sanchez,R,R,Y
sandopa01,467055,Pablo Sandoval,B,R,Y
sandopa02,663776,Patrick Sandoval,L,L,Y
sandsje01,543742,Jerry Sands,R,R,Y
sanomi01,593934,Miguel Sano,R,R,Y
santaan02,623993,Anthony Santander,B,R,Y
santaca01,467793,Carlos Santana,B,R,Y
santada01,542454,Danny Santana,B,R,Y
santade01,642701,Dennis Santana,R,R,Y
santado01,570267,Domingo Santana,R,R,Y
santaed01,650828,Edgar Santana,R,R,Y
santaer01,429722,Ervin Santana,R,R,N
santajo02,276371,Johan Santana,L,L,N
santihe01,502327,Hector Santiago,R,L,Y
santira01,421124,Ramon Santiago,B,R,N
santose01,435045,Sergio Santos,R,R,N
sappeda01,543743,Dave Sappelt,R,R,Y
sardilu01,596143,Luis Sardinas,B,R,Y
satinjo01,543744,Josh Satin,R,R,Y
saundjo01,434578,Joe Saunders,L,L,N
saundmi01,459431,Michael Saunders,L,R,Y
saupowa01,599683,Warwick Saupold,R,R,Y
schafjo02,457788,Jordan Schafer,L,L,Y
schaflo01,502582,Logan Schafer,L,L,Y
schebsc01,594988,Scott Schebler,L,R,Y
schepta01,489294,Tanner Scheppers,R,R,Y
scherma01,453286,Max Scherzer,R,R,Y
schiena01,435625,Nate Schierholtz,L,R,N
schimry01,572114,Ryan Schimpf,L,R,Y
schmicl01,657376,Clarke Schmidt,R,R,Y
schoojo01,570731,Jonathan Schoop,R,R,Y
schroma01,621011,Max Schrock,L,R,Y
schumsk01,435401,Skip Schumaker,L,R,N
schwaky01,656941,Kyle Schwarber,L,R,Y
schwich01,452737,Chris Schwinden,R,R,Y
scottlu01,432928,Luke Scott,L,R,N
scottta01,656945,Tanner Scott,R,L,Y
scribev01,519267,Evan Scribner,R,R,Y
scribtr01,644428,Troy Scribner,L,R,Y
scruban01,668687,Andre Scrubb,R,R,Y
scutama01,340192,Marco Scutaro,R,R,N
seageco01,608369,Corey Seager,L,R,Y
seageky01,572122,Kyle Seager,L,R,Y
segurje01,516416,Jean Segura,R,R,Y
semiema01,543760,Marcus Semien,R,R,Y
senzaan01,622608,Antonio Senzatela,R,R,Y
senzeni01,669222,Nick Senzel,R,R,Y
severlu01,622663,Luis Severino,R,R,Y
severpe01,600474,Pedro Severino,R,R,Y
sewalpa01,623149,Paul Sewald,R,R,Y
shackke01,594992,Kevin Shackelford,R,R,Y
shafeju01,596101,Justin Shafer,R,R,Y
shaffri01,572128,Richie Shaffer,R,R,Y
sharpst01,643532,Sterling Sharp,R,R,Y
shawbr01,543766,Bryan Shaw,B,R,Y
shawch01,622046,Chris Shaw,L,R,Y
shawtr01,543768,Travis Shaw,L,R,Y
sheetbe01,282656,Ben Sheets,R,R,N
sheffju01,656954,Justus Sheffield,L,L,Y
sherfji01,642073,Jimmie Sherfy,R,R,Y
sherrge01,430941,George Sherrill,L,L,N
shielja02,448306,James Shields,R,R,N
shiplbr01,640463,Braden Shipley,R,R,Y
shoemma01,533167,Matt Shoemaker,R,R,Y
shoppke01,431159,Kelly Shoppach,R,R,N
shrevch01,592741,Chasen Shreve,L,L,Y
shuckja01,543776,J.B. Shuck,L,L,Y
siegrke01,543779,Kevin Siegrist,L,L,Y
sierrma01,642423,Magnueris Sierra,L,L,Y
sierrmo01,501213,Moises Sierra,R,R,Y
sierrya01,666888,Yaisel Sierra,R,R,Y
silvaca01,400067,Carlos Silva,R,R,N
simmoan01,592743,Andrelton Simmons,R,R,Y
simmosh01,623406,Shae Simmons,R,R,Y
simonal01,430580,Alfredo Simon,R,R,N
simslu01,608371,Lucas Sims,R,R,Y
singebr01,663903,Brady Singer,R,R,Y
singljo02,572138,Jonathan Singleton,L,L,Y
sippto01,448609,Tony Sipp,L,L,N
siscoch01,642082,Chance Sisco,L,R,Y
sizemgr01,429713,Grady Sizemore,L,L,N
sizemsc01,502003,Scott Sizemore,R,R,Y
skaggty01,572140,Tyler Skaggs,L,L,N
skipwky01,543788,Kyle Skipworth,L,R,Y
skogler01,607215,Eric Skoglund,L,L,Y
skolema01,605474,Matt Skole,L,R,Y
skubata01,669373,Tarik Skubal,L,L,Y
slateau01,596103,Austin Slater,R,R,Y
slegeaa01,642083,Aaron Slegers,R,R,Y
sloweke01,458713,Kevin Slowey,R,R,N
smeltde01,656970,Devin Smeltzer,R,L,Y
smithbu03,572143,Burch Smith,R,R,Y
smithca02,605476,Carson Smith,R,R,Y
smithca03,592761,Caleb Smith,R,L,Y
smithdo01,642086,Dominic Smith,L,L,Y
smithdw02,596105,Dwight Smith Jr.,L,R,Y
smithjo05,501925,Joe Smith,R,R,N
smithjo07,595001,Josh A. Smith,R,R,Y
smithke04,607345,Kevan Smith,R,R,Y
smithma05,605480,Mallex Smith,R,R,Y
smithpa04,656976,Pavin Smith,L,L,Y
smithri01,642092,Riley Smith,R,R,Y
smithse01,452234,Seth Smith,L,L,N
smithwi04,519293,Will Smith,R,L,Y
smithwi05,669257,Will Smith,R,R,Y
smoakju01,475253,Justin Smoak,B,L,Y
smokejo01,519294,Josh Smoker,L,L,Y
smolija01,519295,Jake Smolinski,R,R,Y
smylydr01,592767,Drew Smyly,L,L,Y
sneedcy01,605482,Cy Sneed,R,R,Y
snellbl01,605483,Blake Snell,L,L,Y
snellia01,430636,Ian Snell,R,R,N
snidetr01,501983,Travis Snider,L,L,Y
snydebr03,474319,Brandon Snyder,R,R,Y
snydech02,430965,Chris Snyder,R,R,N
sogarer01,519299,Eric Sogard,L,R,Y
solakni01,669256,Nick Solak,R,R,Y
solando01,456781,Donovan Solano,R,R,Y
solarya01,500208,Yangervis Solarte,B,R,Y
solerjo01,624585,Jorge Soler,R,R,Y
solisal01,455378,Ali Solis,R,R,Y
solissa01,519301,Sammy Solis,R,L,Y
soriaal01,150093,Alfonso Soriano,R,R,N
soriajo01,465657,Joakim Soria,R,R,Y
soriara01,400089,Rafael Soriano,R,R,N
sorokmi01,647336,Mike Soroka,R,R,Y
sotoge01,434567,Geovany Soto,R,R,N
sotogr01,642397,Gregory Soto,L,L,Y
sotoju01,665742,Juan Soto,L,L,Y
souzast01,519306,Steven Souza Jr.,R,R,Y
spande01,452655,Denard Span,L,L,N
spangco01,605486,Cory Spangenberg,L,R,Y
sparkgl01,642098,Glenn Sparkman,B,R,Y
spilbry01,448676,Ryan Spilborghs,R,R,N
springe01,543807,George Springer,R,R,Y
sprinje01,605488,Jeffrey Springs,L,L,Y
stallja01,607732,Jacob Stallings,R,R,Y
stameer01,608715,Eric Stamets,R,R,Y
stammcr01,489334,Craig Stammen,R,R,Y
stanery01,592773,Ryne Stanek,R,R,Y
stantmi03,519317,Giancarlo Stanton,R,R,Y
starlbu01,605490,Bubba Starling,R,R,Y
stassbr01,595426,Brock Stassi,L,L,Y
stassma01,545358,Max Stassi,R,R,Y
staufti01,431162,Tim Stauffer,R,R,N
staumjo01,622251,Josh Staumont,R,R,Y
steckdr01,608716,Drew Steckenrider,R,R,Y
stephja01,623451,Jackson Stephens,R,R,Y
stephro01,596112,Robert Stephenson,R,R,Y
stephty01,663886,Tyler Stephenson,R,R,Y
stevean01,664057,Andrew Stevenson,L,L,Y
stewabr01,592779,Brock Stewart,L,R,Y
stewach01,455755,Chris Stewart,R,R,N
stewach02,621514,Christin Stewart,L,R,Y
stewadj01,621466,DJ Stewart,L,R,Y
stewaia01,456655,Ian Stewart,L,R,Y
stewako01,640464,Kohl Stewart,R,R,Y
stinsjo01,502139,Josh Stinson,R,R,Y
stockro01,476594,Robert Stock,L,R,Y
stockro01,476594,Robert Stock,L,R,Y
storedr01,519322,Drew Storen,B,R,Y
storemi01,493547,Mickey Storey,R,R,Y
storytr01,596115,Trevor Story,R,R,Y
strahma01,621381,Matt Strahm,R,L,Y
straida01,573185,Dan Straily,R,R,Y
strasst01,544931,Stephen Strasburg,R,R,Y
stratch01,608717,Chris Stratton,R,R,Y
strawmy01,664702,Myles Straw,R,R,Y
streehu01,434718,Huston Street,R,R,N
strichu01,519326,Hunter Strickland,R,R,Y
stripro01,548389,Ross Stripling,R,R,Y
stromma01,573186,Marcus Stroman,R,R,Y
stroppe01,467008,Pedro Strop,R,R,Y
sttuemi01,452741,Michael Stutes,R,R,Y
stubbdr01,453211,Drew Stubbs,R,R,N
stubbga01,596117,Garrett Stubbs,L,R,Y
stulter01,445590,Eric Stults,L,L,N
suareal01,544150,Albert Suarez,R,R,Y
suarean01,605498,Andrew Suarez,L,L,Y
suareeu01,553993,Eugenio Suarez,R,R,Y
suarejo01,660761,Jose Suarez,L,L,Y
suarera01,624133,Ranger Suarez,L,L,Y
sucreje01,491696,Jesus Sucre,R,R,Y
suerowa01,593833,Wander Suero,R,R,Y
sulseco01,642121,Cole Sulser,R,R,Y
susacan01,572180,Andrew Susac,R,R,Y
suterbr01,608718,Brent Suter,L,L,Y
suzukic01,400085,Ichiro Suzuki,L,R,N
suzukku01,435559,Kurt Suzuki,R,R,Y
swansda01,621020,Dansby Swanson,R,R,Y
swanser01,657024,Erik Swanson,R,R,Y
swarzan01,461872,Anthony Swarzak,R,R,Y
sweenda02,572182,Darnell Sweeney,B,R,Y
sweenry01,435220,Ryan Sweeney,L,L,Y
swihabl01,596119,Blake Swihart,B,R,Y
swindr.01,449881,R.J. Swindle,L,L,N
swishni01,430897,Nick Swisher,B,L,N
syndeno01,592789,Noah Syndergaard,L,R,Y
szaputh01,663378,Thomas Szapucki,R,L,Y
szczuma01,519333,Matt Szczur,R,R,Y
tabatjo01,467798,Jose Tabata,R,R,Y
taillja01,592791,Jameson Taillon,R,R,Y
takahhi01,538227,Hisanori Takahashi,L,L,N
talbomi01,452676,Mitch Talbot,R,R,N
tanakma01,547888,Masahiro Tanaka,R,R,Y
tapiara01,606132,Raimel Tapia,L,L,Y
tarplst01,605501,Stephen Tarpley,R,L,Y
tatedi01,622253,Dillon Tate,R,R,Y
tateyyo01,599899,Yoshinori Tateyama,R,R,N
tatisfe02,665487,Fernando Tatis Jr,R,R,Y
tauchmi01,643565,Mike Tauchman,L,L,Y
taverle01,665750,Leody Taveras,B,R,Y
taveros01,570805,Oscar Taveras,L,L,N
tayloan01,476531,Andrew Taylor,R,L,Y
taylobe11,607333,Beau Taylor,L,R,Y
tayloch03,621035,Chris Taylor,R,R,Y
taylojo02,657031,Josh Taylor,L,L,Y
taylomi02,572191,Michael Taylor,R,R,Y
tayloty01,621438,Taylor Tyrone,R,R,Y
tazawju01,547749,Junichi Tazawa,R,R,Y
teagata01,460003,Taylor Teagarden,R,R,N
teahema01,433597,Mark Teahen,L,R,N
teherju01,527054,Julio Teheran,R,R,Y
teixema01,407893,Mark Teixeira,B,R,N
tejadmi01,123173,Miguel Tejada,R,R,N
tejadru01,514913,Ruben Tejada,R,R,Y
tejedan01,660731,Anderson Tejeda,L,R,Y
tejedan01,660731,Anderson Tejeda,B,R,Y
tekotbl01,493574,Blake Tekotte,L,R,Y
telisto01,542513,Tomas Telis,B,R,Y
tellero01,642133,Rowdy Tellez,L,L,Y
teperry01,572193,Ryan Tepera,R,R,Y
tepesni01,519344,Nick Tepesch,R,R,Y
thaisma01,642136,Matt Thaiss,L,R,Y
thameer01,519346,Eric Thames,L,R,Y
thatcjo01,491159,Joe Thatcher,L,L,N
thayeda01,445612,Dale Thayer,R,R,N
theriry01,444135,Ryan Theriot,R,R,N
tholejo01,489365,Josh Thole,L,R,Y
thomaju01,476206,Justin Thomas,L,L,N
thomala02,657041,Lane Thomas,R,R,Y
thomeji01,123272,Jim Thome,L,R,N
thompja03,622097,Jake Thompson,R,R,Y
thompry01,657044,Ryan Thompson,R,R,Y
thomptr01,572204,Trayce Thompson,R,R,Y
thornma01,407819,Matt Thornton,L,L,N
thorntr01,663423,Trent Thornton,R,R,Y
thornty01,592804,Tyler Thornburg,R,R,Y
thorple01,626929,Lewis Thorpe,R,L,Y
tillmch01,501957,Chris Tillman,R,R,Y
tilsoch01,605508,Charles Tilson,L,L,Y
tinocje01,622786,Jesus Tinoco,R,R,Y
toccica01,624636,Carlos Tocci,R,R,Y
tolesan01,592808,Andrew Toles,L,R,Y
tollesh01,474521,Shawn Tolleson,R,R,Y
tollest01,476270,Steve Tolleson,R,R,N
tomasya01,630111,Yasmany Tomas,R,R,Y
tomlijo01,458708,Josh Tomlin,R,R,Y
tomlike01,605509,Kelby Tomlinson,R,R,Y
torkesp01,679529,Spencer Torkelson,R,R,Y
toroab01,647351,Abraham Toro,B,R,Y
torreal01,456776,Alex Torres,L,L,Y
torrean02,400083,Andres Torres,B,R,N
torreca01,448614,Carlos Torres,R,R,N
torregl01,650402,Gleyber Torres,R,R,Y
torrejo02,600526,Jose Torres,L,L,Y
torrelu01,620443,Luis Torrens,R,R,Y
torrero01,591720,Ronal Torreyes,R,R,Y
torreyo01,150275,Yorvit Torrealba,R,R,N
toussto01,657053,Touki Toussaint,R,R,Y
tovarwi01,541600,Wilfredo Tovar,R,R,Y
tracych01,429710,Chad Tracy,L,R,N
trammta01,666211,Taylor Trammell,L,L,Y
travide01,581527,Devon Travis,R,R,Y
travisa01,607752,Sam Travis,R,R,Y
treinbl01,595014,Blake Treinen,R,R,Y
trevijo01,624431,Jose Trevino,R,R,Y
triggan01,592811,Andrew Triggs,R,R,Y
triunca01,508892,Carlos Triunfel,R,R,Y
trivilo01,642152,Lou Trivino,R,R,Y
trompch01,644433,Chadwick Tromp,R,R,Y
tropeni01,607374,Nick Tropeano,R,R,Y
troutmi01,545361,Mike Trout,R,R,Y
trumbma01,444432,Mark Trumbo,R,R,Y
tsutsyo01,660294,Yoshitomo Tsutsugo,L,R,Y
tuckeco01,657061,Cole Tucker,B,R,Y
tuckeky01,663656,Kyle Tucker,L,R,Y
tuckepr01,605512,Preston Tucker,L,L,Y
tuivasa01,592815,Sam Tuivailala,R,R,Y
tulowtr01,453064,Troy Tulowitzki,R,R,N
turnbsp01,605513,Spencer Turnbull,R,R,Y
turneja01,545363,Jacob Turner,R,R,Y
turneju01,457759,Justin Turner,R,R,Y
turnetr01,607208,Trea Turner,R,R,Y
ueharko01,493157,Koji Uehara,R,R,N
ugglada01,462564,Dan Uggla,R,R,N
uptonbj01,425834,Melvin Upton,R,R,Y
uptonju01,457708,Justin Upton,R,R,Y
urenajo01,570632,Jose Urena,R,R,Y
urenari01,620446,Richard Urena,B,R,Y
uriasju01,628711,Julio Urias,L,L,Y
uriaslu01,649966,Luis Urias,R,R,Y
uribeju01,346874,Juan Uribe,R,R,N
urquijo01,664353,Jose Urquidy,R,R,Y
urruthe01,625329,Henry Urrutia,L,R,Y
urshegi01,570482,Giovanny Urshela,R,R,Y
utleych01,400284,Chase Utley,L,R,N
valaipa01,642162,Pat Valaika,R,R,Y
valbulu01,472528,Luis Valbuena,L,R,Y
valdece01,491624,Cesar Valdez,R,R,Y
valdefr01,664285,Framber Valdez,L,L,Y
valdejo01,451990,Jose Valdez,R,R,N
valdejo02,518170,Jordany Valdespin,L,R,Y
valdeph01,570488,Phillips Valdez,R,R,Y
valdera02,447744,Raul Valdes,L,L,N
valdewi01,407832,Wilson Valdez,R,R,N
valenda01,502143,Danny Valencia,R,R,N
valerbr01,591971,Breyvic Valera,B,R,Y
valvejo01,407878,Jose Valverde,R,R,N
vanderi01,462995,Rick VandenHurk,R,R,Y
vanmejo01,642165,Josh VanMeter,L,R,Y
vanslsc01,475100,Scott Van Slyke,R,R,Y
vargace01,570714,Cesar Vargas,R,R,Y
vargail01,545121,Ildemaro Vargas,B,R,Y
vargaja01,450306,Jason Vargas,L,L,N
vargake01,573627,Kennys Vargas,B,R,Y
varshda01,662139,Daulton Varsho,L,R,Y
varvaan01,460008,Anthony Varvaro,R,R,N
vasques01,458220,Esmerling Vasquez,R,R,N
vaughan01,683734,Andrew Vaughn,R,R,Y
vazquch01,543877,Christian Vazquez,R,R,Y
vazquja01,134320,Javier Vazquez,R,R,N
velasvi01,592826,Vincent Velasquez,B,R,Y
velazan01,623205,Andrew Velazquez,R,R,Y
velazhe01,584171,Hector Velazquez,R,R,Y
venabwi01,461416,Will Venable,L,L,N
ventejo01,458924,Jonny Venters,L,L,Y
ventuyo01,570649,Yordano Ventura,R,R,Y
verasjo01,407842,Jose Veras,R,R,N
verdual01,657077,Ben Lively,L,L,Y
verhadr01,572403,Drew VerHagen,R,R,Y
verlaju01,434378,Justin Verlander,R,R,Y
verrelo01,548337,Logan Verrett,R,R,Y
vicieda01,493364,Dayan Viciedo,R,R,Y
victosh01,425664,Shane Victorino,B,R,N
vieirth01,600986,Thyago Vieira,R,R,Y
villabr02,500903,Brayan Villarreal,R,R,Y
villaca01,453646,Carlos Villanueva,R,R,N
villach01,570799,Christian Villanueva,R,R,Y
villajo01,542340,Jonathan Villar,B,R,Y
vilorme01,650619,Meibrys Viloria,L,R,Y
vinceni01,543883,Nick Vincent,R,R,Y
vittejo01,519388,Josh Vitters,R,R,Y
vizcaar01,527055,Arodys Vizcaino,R,R,Y
vizquom01,123744,Omar Vizquel,B,R,N
vogelda01,596129,Daniel Vogelbach,L,R,Y
vogelry01,285064,Ryan Vogelsong,R,R,N
vogtst01,519390,Stephen Vogt,L,R,Y
voitlu01,572228,Luke Voit,R,R,Y
volqued01,450172,Edinson Volquez,R,R,Y
volstch01,458690,Chris Volstad,R,R,Y
vothau01,608723,Austin Voth,R,R,Y
vottojo01,458015,Joey Votto,L,R,Y
wachami01,608379,Michael Wacha,R,R,Y
wadats01,493159,Tsuyoshi Wada,L,L,N
wadeco01,460677,Cory Wade,R,R,N
wadela01,664774,LaMonte Wade Jr,L,L,Y
wadety01,642180,Tyler Wade,L,R,Y
wagnebi02,123790,Billy Wagner,R,R,N
wagueja01,621097,Jacob Waguespack,R,R,Y
wahlbo01,592833,Bobby Wahl,R,R,Y
wainwad01,425794,Adam Wainwright,R,R,Y
waldejo01,477229,Jordan Walden,R,R,Y
waldema01,519393,Marcus Walden,R,R,Y
waldrky01,448252,Kyle Waldrop,R,R,Y
walkech02,572233,Christian Walker,R,R,Y
walkene01,435522,Neil Walker,B,R,Y
walketa01,592836,Taijuan Walker,R,R,Y
wallabr01,477165,Brett Wallace,L,R,Y
wallach01,595453,Chad Wallach,R,R,Y
wallfo01,657088,Forrest Wall,L,R,Y
walljo02,476205,Josh Wall,R,R,Y
walshco02,595023,Colin Walsh,B,R,Y
walshja01,665120,Jared Walsh,L,L,Y
waltepj01,502208,P.J. Walters,R,R,Y
walteza01,595025,Zach Walters,B,R,Y
wangch01,425426,Chien-Ming Wang,R,R,N
wangwe01,623913,Wei-Chung Wang,L,L,Y
warddr01,608380,Drew Ward,L,R,Y
wardta01,621493,Taylor Ward,R,R,Y
warread01,476589,Adam Warren,R,R,Y
waterdr01,671221,Drew Waters,B,R,Y
watsoto01,453265,Tony Watson,L,L,Y
weaveje02,450308,Jered Weaver,R,R,N
weavelu01,596133,Luke Weaver,R,R,Y
webbbr01,425630,Brandon Webb,R,R,N
webbda01,543900,Daniel Webb,R,R,Y
webbja01,657097,Jacob Webb,R,R,Y
webblo01,657277,Logan Webb,R,R,Y
webbry01,444436,Ryan Webb,R,R,Y
webbty01,643778,Tyler Webb,L,L,Y
weberry01,543901,Ryan Weber,R,R,Y
webstal01,543903,Allen Webster,R,R,Y
weeksje01,457789,Jemile Weeks,B,R,Y
weeksri01,430001,Rickie Weeks,R,R,N
weilaky01,475095,Kyle Weiland,L,R,Y
welkeco01,666213,Colton Welker,R,R,Y
wellsca01,489413,Casper Wells,R,R,N
wellsra01,448694,Randy Wells,R,R,N
wellsve01,150484,Vernon Wells,R,R,N
wendejb01,605525,J.B. Wendelken,R,R,Y
wendljo01,621563,Joey Wendle,L,R,Y
werthja01,150029,Jayson Werth,R,R,N
westbja01,150414,Jake Westbrook,R,R,N
wheelry01,572253,Ryan Wheeler,L,R,Y
wheelza01,554430,Zack Wheeler,L,R,Y
whiteal01,502229,Alex White,R,R,Y
whiteev01,657108,Evan White,R,L,Y
whitety01,643603,Tyler White,R,R,Y
whitlch01,595032,Chase Whitley,R,R,Y
whitlfo01,666215,Forrest Whitley,R,R,Y
wickro01,592858,Rowan Wick,L,R,Y
widenta01,642203,Taylor Widener,L,R,Y
wieckbr01,623364,Brad Wieck,L,L,Y
wielajo01,543921,Joe Wieland,R,R,Y
wietema01,446308,Matt Wieters,B,R,Y
wiggity01,421064,Ty Wigginton,R,R,N
wilheto01,452666,Tom Wilhelmsen,R,R,N
wilkeaa01,658792,Aaron Wilkerson,R,R,Y
wilkest01,592859,Steve Wilkerson,B,R,Y
willide03,642207,Devin Williams,R,R,Y
willido01,425883,Dontrelle Willis,R,R,N
willije01,425532,Jerome Williams,R,L,N
willijo03,425545,Josh Willingham,R,R,N
willima10,592863,Mason Williams,L,R,Y
willima11,607776,Mac Williamson,R,R,Y
willini01,608384,Nick Williams,L,L,Y
willita01,592865,Taylor Williams,B,R,Y
willitr01,592866,Trevor Williams,R,R,Y
wilsoal01,543935,Alex Wilson,R,R,Y
wilsobo02,435064,Bobby Wilson,R,R,N
wilsobr01,451216,Brian Wilson,R,R,N
wilsobr02,669060,Bryse Wilson,R,R,Y
wilsocj01,450351,C.J. Wilson,L,L,N
wilsoju10,458677,Justin Wilson,L,L,Y
wingetr01,622259,Trey Wingenter,R,R,Y
winkeje01,608385,Jesse Winker,L,L,Y
winklda01,595465,Dan Winkler,R,R,Y
wisdopa01,621550,Patrick Wisdom,R,R,Y
wisede01,276547,Dewayne Wise,L,L,N
wislema01,605538,Matt Wisler,R,R,Y
wittgni01,621295,Nick Wittgren,R,R,Y
wojcias01,592879,Asher Wojciechowski,R,R,Y
wolfra01,150116,Randy Wolf,L,L,N
wolteto01,547172,Tony Wolters,L,R,Y
wongko01,543939,Kolten Wong,L,R,Y
woodal02,622072,Alex Wood,R,L,Y
woodbl01,502028,Blake Wood,R,R,Y
woodbr01,457420,Brandon Wood,R,R,Y
woodhu01,621056,Hunter Wood,R,R,Y
woodke02,134268,Kerry Wood,R,R,N
woodrbr01,605540,Brandon Woodruff,R,R,Y
woodti01,445971,Tim Wood,R,R,N
woodtr01,475243,Travis Wood,R,L,Y
workmbr01,519443,Brandon Workman,R,R,Y
worleva01,474699,Vance Worley,R,R,Y
worthda01,519445,Danny Worth,R,R,Y
wrighda03,431151,David Wright,R,R,N
wrighja01,124604,Jamey Wright,R,R,N
wrighky01,657140,Kyle Wright,R,R,Y
wrighmi01,605541,Mike Wright,R,R,Y
wrighst01,453214,Steven Wright,R,R,N
wrighwe01,449079,Wesley Wright,R,L,Y
wynnsau01,642851,Austin Wynns,R,R,Y
yacabji01,642231,Jimmy Yacabonis,R,R,Y
yamagsh01,685493,Shun Yamaguchi,R,R,Y
yamamjo01,657141,Jordan Yamamoto,R,R,Y
yarbrry01,642232,Ryan Yarbrough,R,L,Y
yastrmi01,573262,Mike Yastrzemski,L,L,Y
yateski01,489446,Kirby Yates,L,R,Y
yelicch01,592885,Christian Yelich,L,R,Y
ynoaga01,593679,Gabriel Ynoa,R,R,Y
youklke01,425903,Kevin Youkilis,R,R,N
youngal01,622065,Alex Young,L,L,Y
youngch03,432934,Chris Young,R,R,N
youngch04,455759,Chris Young,R,R,N
youngde03,430321,Delmon Young,R,R,Y
younger03,458913,Eric Young,B,R,Y
youngma02,457568,Matt Young,L,R,N
youngmi02,276545,Michael Young,R,R,N
zagunma01,657145,Mark Zagunis,R,R,Y
zambrca01,407296,Carlos Zambrano,B,R,N
zieglbr01,446899,Brad Ziegler,R,R,N
zimmebr01,605548,Bradley Zimmer,L,R,Y
zimmejo02,519455,Jordan Zimmermann,R,R,Y
zimmeky01,622092,Kyle Zimmer,R,R,Y
zimmery01,475582,Ryan Zimmerman,R,R,Y
zitoba01,217096,Barry Zito,L,L,N
zobribe01,450314,Ben Zobrist,B,R,N
zuberty01,676604,Tyler Zuber,R,R,Y
zuninmi01,572287,Mike Zunino,R,R,Y
zychto01,543964,Tony Zych,R,R,Y
zzzzzzz01,,Last Player,,,Y
